Workbook

Sheet Masterlist
A1: UID | B1: NAME | C1: UID | D1: Team Manager | E1: Task / Position
A2: 426497 | B2: Jackielyn,Cabanas,Faro | C2: 426497 | D2: Antonette Jean Almasol | E2: Ticket Agent
A3: 264907 | B3: Lanie,Cabrera,Ramos | C3: 264907 | D3: Emmanuel Alisbo | E3: Ticket Agent
A4: 394738 | B4: Cyglen Ann Casquejo | C4: 394738 | D4: - | E4: -
A5: 388996 | B5: Jelyn Zarate | C5: 388996 | D5: Klarisse Jane Hornada | E5: Ticket Agent
A6: 388588 | B6: Danissa Bautista | C6: 388588 | D6: - | E6: -
A7: 426719 | B7: Karen,Ganit,Orbigoso | C7: 426719 | D7: - | E7: -
A8: 318217 | B8: Jose Glory Mark,Rodrigo,Calopez | C8: 318217 | D8: - | E8: -
A9: 380240 | B9: Mark Gil Apil Villagracia | C9: 380240 | D9: Klarisse Jane Hornada | E9: Ticket Agent
A10: 380214 | B10: Romel,Concepcion,Resente | C10: 380214 | D10: Klarisse Jane Hornada | E10: Ticket Agent
A11: 328974 | B11: Jean Rose,Garque,Malan | C11: 328974 | D11: - | E11: -
A12: 333053 | B12: Frank Lina,Sey,Ituriaga | C12: 333053 | D12: Klarisse Jane Hornada | E12: Ticket Agent
A13: 317122 | B13: Verlyn Rose,Aurora,Villaram | C13: 317122 | D13: Klarisse Jane Hornada | E13: Ticket Agent
... A322: 524592 | B322: Ana Marie Albao | C322: 524592 | D322: - | E322: Voice / Agent

Sheet Agent Sched
A1: Schedule (EST) | C1: WEEK BEGINNING 0427 | J1: WEEK BEGINNING 0504 | Q1: WEEK BEGINNING 0511 | Y1: Prev Sun
A2: UID | B2: Agent Name | C2: Mon | D2: Tue | E2: Wed | F2: Thu | G2: Fri | H2: Sat | I2: Sun | J2: Mon | K2: Tue | L2: Wed | M2: Thu | N2: Fri | O2: Sat | P2: Sun | Q2: Mon | R2: Tue | S2: Wed | T2: Thu | U2: Fri | V2: Sat | W2: Sun | X2: Shift | Y2: Sun | AA2: Total | AB2: =SUM(AB4:AB17) -> 50
C3: 46139 | D3: =C3+1 -> 46140 | E3: =D3+1 -> 46141 | F3: =E3+1 -> 46142 | G3: =F3+1 -> 46143 | H3: =G3+1 -> 46144 | I3: =H3+1 -> 46145 | J3: =I3+1 -> 46146 | K3: =J3+1 -> 46147 | ... W3: =V3+1 -> 46159 | Y3: =C3-1 -> 46138
A4: =VLOOKUP(B4,Masterlist!B:E,2,) -> 486925 | B4: Shenna Mae Pudadera | C4: 0.375 | D4: 0.375 | E4: 0.375 | F4: OFF | G4: OFF | H4: 0.375 | I4: 0.375 | J4: OFF | K4: 0.375 | L4: 0.375 | M4: 0.375 | N4: 0.375 | O4: 0.375 | P4: OFF | Q4: OFF | R4: 0.375 | S4: 0.375 | T4: 0.375 | U4: 0.375 | V4: 0.375 | W4: OFF | X4: =IFERROR(MODE(J4:P4),"OFF") -> 0.375 | Y4: 0.375 | AA4: 0.875 | AB4: =COUNTIF($X$4:$X$58,AA4) -> 0
A5: =VLOOKUP(B5,Masterlist!B:E,2,) -> 482673 | B5: Riva Joy Orario | C5: 0.375 | D5: 0.375 | E5: 0.375 | F5: OFF | G5: OFF | H5: 0.375 | I5: 0.375 | J5: OFF | K5: 0.375 | L5: 0.375 | M5: 0.375 | N5: 0.375 | O5: 0.375 | P5: OFF | Q5: OFF | R5: 0.375 | S5: 0.375 | T5: 0.375 | U5: 0.375 | V5: 0.375 | W5: OFF | X5: =IFERROR(MODE(J5:P5),"OFF") -> 0.375 | Y5: 0.375 | AA5: 0.5 | AB5: =COUNTIF($X$4:$X$58,AA5) -> 12
A6: =VLOOKUP(B6,Masterlist!B:E,2,) -> 417932 | B6: Eliza Grace Cortez | C6: 0.375 | D6: 0.375 | E6: 0.375 | F6: OFF | G6: OFF | H6: 0.375 | I6: 0.375 | J6: OFF | K6: 0.375 | L6: 0.375 | M6: 0.375 | N6: 0.375 | O6: 0.375 | P6: OFF | Q6: OFF | R6: 0.375 | S6: 0.375 | T6: 0.375 | U6: 0.375 | V6: 0.375 | W6: OFF | X6: =IFERROR(MODE(J6:P6),"OFF") -> 0.375 | Y6: 0.375 | AA6: 0.66666667 | AB6: =COUNTIF($X$4:$X$58,AA6) -> 0
A7: =VLOOKUP(B7,Masterlist!B:E,2,) -> 335234 | B7: Emmanuel Togle | C7: 0.375 | D7: 0.375 | E7: 0.375 | F7: OFF | G7: OFF | H7: 0.375 | I7: 0.375 | J7: OFF | K7: 0.375 | L7: 0.375 | M7: 0.375 | N7: 0.375 | O7: 0.375 | P7: OFF | Q7: OFF | R7: 0.375 | S7: 0.375 | T7: 0.375 | U7: 0.375 | V7: 0.375 | W7: OFF | X7: =IFERROR(MODE(J7:P7),"OFF") -> 0.375 | Y7: 0.375 | AA7: 0.625 | AB7: =COUNTIF($X$4:$X$58,AA7) -> 0
A8: =VLOOKUP(B8,Masterlist!B:E,2,) -> 486780 | B8: Tommy Harold Jamandron | C8: 0.375 | D8: 0.375 | E8: 0.375 | F8: OFF | G8: OFF | H8: 0.375 | I8: 0.375 | J8: OFF | K8: 0.375 | L8: 0.375 | M8: 0.375 | N8: 0.375 | O8: 0.375 | P8: OFF | Q8: OFF | R8: 0.375 | S8: 0.375 | T8: 0.375 | U8: 0.375 | V8: 0.375 | W8: OFF | X8: =IFERROR(MODE(J8:P8),"OFF") -> 0.375 | Y8: 0.375 | AA8: 0.375 | AB8: =COUNTIF($X$4:$X$133,AA8) -> 38
A9: =VLOOKUP(B9,Masterlist!B:E,2,) -> 487064 | B9: Yron Angelo Llanda | C9: 0.375 | D9: 0.375 | E9: 0.375 | F9: OFF | G9: OFF | H9: 0.375 | I9: 0.375 | J9: OFF | K9: 0.375 | L9: 0.375 | M9: 0.375 | N9: 0.375 | O9: 0.375 | P9: OFF | Q9: OFF | R9: 0.375 | S9: 0.375 | T9: 0.375 | U9: 0.375 | V9: 0.375 | W9: OFF | X9: =IFERROR(MODE(J9:P9),"OFF") -> 0.375 | Y9: 0.375
A10: =VLOOKUP(B10,Masterlist!B:E,2,) -> 379325 | B10: Annje,Libo-on,Jardinaso | C10: 0.375 | D10: 0.375 | E10: 0.375 | F10: OFF | G10: OFF | H10: 0.375 | I10: 0.375 | J10: OFF | K10: 0.375 | L10: 0.375 | M10: 0.375 | N10: 0.375 | O10: 0.375 | P10: OFF | Q10: OFF | R10: 0.375 | S10: 0.375 | T10: 0.375 | U10: 0.375 | V10: 0.375 | W10: OFF | X10: =IFERROR(MODE(J10:P10),"OFF") -> 0.375 | Y10: 0.375
A11: =VLOOKUP(B11,Masterlist!B:E,2,) -> 486897 | B11: Jovito Gadian | C11: 0.375 | D11: 0.375 | E11: 0.375 | F11: OFF | G11: OFF | H11: 0.375 | I11: 0.375 | J11: OFF | K11: 0.375 | L11: 0.375 | M11: 0.375 | N11: 0.375 | O11: 0.375 | P11: OFF | Q11: OFF | R11: 0.375 | S11: 0.375 | T11: 0.375 | U11: 0.375 | V11: 0.375 | W11: OFF | X11: =IFERROR(MODE(J11:P11),"OFF") -> 0.375 | Y11: 0.375
A12: =VLOOKUP(B12,Masterlist!B:E,2,) -> 486783 | B12: Trisha Ann Japitana | C12: 0.375 | D12: 0.375 | E12: 0.375 | F12: OFF | G12: OFF | H12: 0.375 | I12: 0.375 | J12: OFF | K12: 0.375 | L12: 0.375 | M12: 0.375 | N12: 0.375 | O12: 0.375 | P12: OFF | Q12: OFF | R12: 0.375 | S12: 0.375 | T12: 0.375 | U12: 0.375 | V12: 0.375 | W12: OFF | X12: =IFERROR(MODE(J12:P12),"OFF") -> 0.375 | Y12: 0.375
A13: =VLOOKUP(B13,Masterlist!B:E,2,) -> 482674 | B13: Reslyn Candao | C13: 0.375 | D13: 0.375 | E13: 0.375 | F13: OFF | G13: OFF | H13: 0.375 | I13: 0.375 | J13: OFF | K13: 0.375 | L13: 0.375 | M13: 0.375 | N13: 0.375 | O13: 0.375 | P13: OFF | Q13: OFF | R13: 0.375 | S13: 0.375 | T13: 0.375 | U13: 0.375 | V13: 0.375 | W13: OFF | X13: =IFERROR(MODE(J13:P13),"OFF") -> 0.375 | Y13: 0.375
A14: =VLOOKUP(B14,Masterlist!B:E,2,) -> 245194 | B14: Rosally Maquirang Poblacion | C14: 0.375 | D14: 0.375 | E14: 0.375 | F14: OFF | G14: OFF | H14: 0.375 | I14: 0.375 | J14: OFF | K14: 0.375 | L14: 0.375 | M14: 0.375 | N14: 0.375 | O14: 0.375 | P14: OFF | Q14: OFF | R14: 0.375 | S14: 0.375 | T14: 0.375 | U14: 0.375 | V14: 0.375 | W14: OFF | X14: =IFERROR(MODE(J14:P14),"OFF") -> 0.375 | Y14: 0.375
A15: =VLOOKUP(B15,Masterlist!B:E,2,) -> 287483 | B15: Mary Jay Canag Cantomayor | C15: 0.375 | D15: 0.375 | E15: 0.375 | F15: OFF | G15: OFF | H15: 0.375 | I15: 0.375 | J15: OFF | K15: 0.375 | L15: 0.375 | M15: 0.375 | N15: 0.375 | O15: 0.375 | P15: OFF | Q15: OFF | R15: 0.375 | S15: 0.375 | T15: 0.375 | U15: 0.375 | V15: 0.375 | W15: OFF | X15: =IFERROR(MODE(J15:P15),"OFF") -> 0.375 | Y15: 0.375
A16: =VLOOKUP(B16,Masterlist!B:E,2,) -> 426497 | B16: Jackielyn,Cabanas,Faro | C16: 0.375 | D16: 0.375 | E16: 0.375 | F16: OFF | G16: OFF | H16: 0.375 | I16: 0.375 | J16: OFF | K16: 0.375 | L16: 0.375 | M16: 0.375 | N16: 0.375 | O16: 0.375 | P16: OFF | Q16: OFF | R16: 0.375 | S16: 0.375 | T16: 0.375 | U16: 0.375 | V16: 0.375 | W16: OFF | X16: =IFERROR(MODE(J16:P16),"OFF") -> 0.375 | Y16: 0.375
A17: =VLOOKUP(B17,Masterlist!B:E,2,) -> 482680 | B17: Perey Joy Torino | C17: 0.375 | D17: 0.375 | E17: 0.375 | F17: OFF | G17: OFF | H17: 0.375 | I17: 0.375 | J17: OFF | K17: 0.375 | L17: 0.375 | M17: 0.375 | N17: 0.375 | O17: 0.375 | P17: OFF | Q17: OFF | R17: 0.375 | S17: 0.375 | T17: 0.375 | U17: 0.375 | V17: 0.375 | W17: OFF | X17: =IFERROR(MODE(J17:P17),"OFF") -> 0.375 | Y17: 0.375
A18: =VLOOKUP(B18,Masterlist!B:E,2,) -> 420426 | B18: Ma. Lobell Trestiza | C18: 0.375 | D18: 0.375 | E18: 0.375 | F18: OFF | G18: OFF | H18: 0.375 | I18: 0.375 | J18: OFF | K18: 0.375 | L18: 0.375 | M18: 0.375 | N18: 0.375 | O18: 0.375 | P18: OFF | Q18: OFF | R18: 0.375 | S18: 0.375 | T18: 0.375 | U18: 0.375 | V18: 0.375 | W18: OFF | X18: =IFERROR(MODE(J18:P18),"OFF") -> 0.375 | Y18: 0.375
A19: =VLOOKUP(B19,Masterlist!B:E,2,) -> 486893 | B19: Rosevel Nagales | C19: 0.375 | D19: 0.375 | E19: 0.375 | F19: OFF | G19: OFF | H19: 0.375 | I19: 0.375 | J19: OFF | K19: 0.375 | L19: 0.375 | M19: 0.375 | N19: 0.375 | O19: 0.375 | P19: OFF | Q19: OFF | R19: 0.375 | S19: 0.375 | T19: 0.375 | U19: 0.375 | V19: 0.375 | W19: OFF | X19: =IFERROR(MODE(J19:P19),"OFF") -> 0.375 | Y19: 0.375
A20: =VLOOKUP(B20,Masterlist!B:E,2,) -> 501506 | B20: Johannah Salay | C20: 0.375 | D20: 0.375 | E20: 0.375 | F20: OFF | G20: OFF | H20: 0.375 | I20: 0.375 | J20: OFF | K20: 0.375 | L20: 0.375 | M20: 0.375 | N20: 0.375 | O20: 0.375 | P20: OFF | Q20: OFF | R20: 0.375 | S20: 0.375 | T20: 0.375 | U20: 0.375 | V20: 0.375 | W20: OFF | X20: =IFERROR(MODE(J20:P20),"OFF") -> 0.375 | Y20: 0.375
A21: =VLOOKUP(B21,Masterlist!B:E,2,) -> 305624 | B21: Emilie Cabaluna Gentroles | C21: 0.375 | D21: 0.375 | E21: 0.375 | F21: OFF | G21: OFF | H21: 0.375 | I21: 0.375 | J21: OFF | K21: 0.375 | L21: 0.375 | M21: 0.375 | N21: 0.375 | O21: 0.375 | P21: OFF | Q21: OFF | R21: 0.375 | S21: 0.375 | T21: 0.375 | U21: 0.375 | V21: 0.375 | W21: OFF | X21: =IFERROR(MODE(J21:P21),"OFF") -> 0.375 | Y21: 0.375
A22: =VLOOKUP(B22,Masterlist!B:E,2,) -> 380214 | B22: Romel,Concepcion,Resente | C22: 0.375 | D22: 0.375 | E22: 0.375 | F22: 0.375 | G22: 0.375 | H22: OFF | I22: OFF | J22: 0.375 | K22: 0.375 | L22: 0.375 | M22: 0.375 | N22: 0.375 | O22: OFF | P22: OFF | Q22: 0.375 | R22: 0.375 | S22: 0.375 | T22: 0.375 | U22: 0.375 | V22: OFF | W22: OFF | X22: =IFERROR(MODE(J22:P22),"OFF") -> 0.375 | Y22: OFF
A23: =VLOOKUP(B23,Masterlist!B:E,2,) -> 333358 | B23: Irene,Vasquez,Sarabia | C23: 0.375 | D23: 0.375 | E23: 0.375 | F23: 0.375 | G23: 0.375 | H23: OFF | I23: OFF | J23: 0.375 | K23: 0.375 | L23: 0.375 | M23: 0.375 | N23: 0.375 | O23: OFF | P23: OFF | Q23: 0.375 | R23: 0.375 | S23: 0.375 | T23: 0.375 | U23: 0.375 | V23: OFF | W23: OFF | X23: =IFERROR(MODE(J23:P23),"OFF") -> 0.375 | Y23: OFF
A24: =VLOOKUP(B24,Masterlist!B:E,2,) -> 380240 | B24: Mark Gil Apil Villagracia | C24: 0.375 | D24: 0.375 | E24: 0.375 | F24: 0.375 | G24: 0.375 | H24: OFF | I24: OFF | J24: 0.375 | K24: 0.375 | L24: 0.375 | M24: 0.375 | N24: 0.375 | O24: OFF | P24: OFF | Q24: 0.375 | R24: 0.375 | S24: 0.375 | T24: 0.375 | U24: 0.375 | V24: OFF | W24: OFF | X24: =IFERROR(MODE(J24:P24),"OFF") -> 0.375 | Y24: OFF
A25: =VLOOKUP(B25,Masterlist!B:E,2,) -> 339523 | B25: Ma Reslie,Estrellanes,Begaso | C25: 0.375 | D25: 0.375 | E25: 0.375 | F25: 0.375 | G25: 0.375 | H25: OFF | I25: OFF | J25: 0.375 | K25: 0.375 | L25: 0.375 | M25: 0.375 | N25: 0.375 | O25: OFF | P25: OFF | Q25: 0.375 | R25: 0.375 | S25: 0.375 | T25: 0.375 | U25: 0.375 | V25: OFF | W25: OFF | X25: =IFERROR(MODE(J25:P25),"OFF") -> 0.375 | Y25: OFF
A26: =VLOOKUP(B26,Masterlist!B:E,2,) -> 317122 | B26: Verlyn Rose,Aurora,Villaram | C26: 0.375 | D26: 0.375 | E26: 0.375 | F26: 0.375 | G26: 0.375 | H26: OFF | I26: OFF | J26: 0.375 | K26: 0.375 | L26: 0.375 | M26: 0.375 | N26: 0.375 | O26: OFF | P26: OFF | Q26: 0.375 | R26: 0.375 | S26: 0.375 | T26: 0.375 | U26: 0.375 | V26: OFF | W26: OFF | X26: =IFERROR(MODE(J26:P26),"OFF") -> 0.375 | Y26: OFF
A27: =VLOOKUP(B27,Masterlist!B:E,2,) -> 388996 | B27: Jelyn Zarate | C27: 0.375 | D27: 0.375 | E27: 0.375 | F27: 0.375 | G27: 0.375 | H27: OFF | I27: OFF | J27: 0.375 | K27: 0.375 | L27: 0.375 | M27: 0.375 | N27: 0.375 | O27: OFF | P27: OFF | Q27: 0.375 | R27: 0.375 | S27: 0.375 | T27: 0.375 | U27: 0.375 | V27: OFF | W27: OFF | X27: =IFERROR(MODE(J27:P27),"OFF") -> 0.375 | Y27: OFF
A28: =VLOOKUP(B28,Masterlist!B:E,2,) -> 456094 | B28: Gabriel Philip Delfin | C28: 0.375 | D28: 0.375 | E28: 0.375 | F28: 0.375 | G28: 0.375 | H28: OFF | I28: OFF | J28: 0.375 | K28: 0.375 | L28: 0.375 | M28: 0.375 | N28: 0.375 | O28: OFF | P28: OFF | Q28: 0.375 | R28: 0.375 | S28: 0.375 | T28: 0.375 | U28: 0.375 | V28: OFF | W28: OFF | X28: =IFERROR(MODE(J28:P28),"OFF") -> 0.375 | Y28: OFF
A29: =VLOOKUP(B29,Masterlist!B:E,2,) -> 260429 | B29: Charlotte,Selirio,Escalona | C29: 0.375 | D29: 0.375 | E29: 0.375 | F29: 0.375 | G29: 0.375 | H29: OFF | I29: OFF | J29: 0.375 | K29: 0.375 | L29: 0.375 | M29: 0.375 | N29: 0.375 | O29: OFF | P29: OFF | Q29: 0.375 | R29: 0.375 | S29: 0.375 | T29: 0.375 | U29: 0.375 | V29: OFF | W29: OFF | X29: =IFERROR(MODE(J29:P29),"OFF") -> 0.375 | Y29: OFF
A30: =VLOOKUP(B30,Masterlist!B:E,2,) -> 333053 | B30: Frank Lina,Sey,Ituriaga | C30: 0.375 | D30: 0.375 | E30: 0.375 | F30: 0.375 | G30: 0.375 | H30: OFF | I30: OFF | J30: 0.375 | K30: 0.375 | L30: 0.375 | M30: 0.375 | N30: 0.375 | O30: OFF | P30: OFF | Q30: 0.375 | R30: 0.375 | S30: 0.375 | T30: 0.375 | U30: 0.375 | V30: OFF | W30: OFF | X30: =IFERROR(MODE(J30:P30),"OFF") -> 0.375 | Y30: OFF
A31: =VLOOKUP(B31,Masterlist!B:E,2,) -> 487086 | B31: Ma. Eva Karina Remandaban | C31: 0.375 | D31: 0.375 | E31: 0.375 | F31: 0.375 | G31: 0.375 | H31: OFF | I31: OFF | J31: 0.375 | K31: 0.375 | L31: 0.375 | M31: 0.375 | N31: 0.375 | O31: OFF | P31: OFF | Q31: 0.375 | R31: 0.375 | S31: 0.375 | T31: 0.375 | U31: 0.375 | V31: OFF | W31: OFF | X31: =IFERROR(MODE(J31:P31),"OFF") -> 0.375 | Y31: OFF
A32: =VLOOKUP(B32,Masterlist!B:E,2,) -> 486898 | B32: Carmen Mae Huyong | C32: 0.375 | D32: 0.375 | E32: 0.375 | F32: 0.375 | G32: 0.375 | H32: OFF | I32: OFF | J32: 0.375 | K32: 0.375 | L32: 0.375 | M32: 0.375 | N32: 0.375 | O32: OFF | P32: OFF | Q32: 0.375 | R32: 0.375 | S32: 0.375 | T32: 0.375 | U32: 0.375 | V32: OFF | W32: OFF | X32: =IFERROR(MODE(J32:P32),"OFF") -> 0.375 | Y32: OFF
A33: =VLOOKUP(B33,Masterlist!B:E,2,) -> 487085 | B33: Ednel Alagon | C33: 0.375 | D33: 0.375 | E33: 0.375 | F33: 0.375 | G33: 0.375 | H33: OFF | I33: OFF | J33: 0.375 | K33: 0.375 | L33: 0.375 | M33: 0.375 | N33: 0.375 | O33: OFF | P33: OFF | Q33: 0.375 | R33: 0.375 | S33: 0.375 | T33: 0.375 | U33: 0.375 | V33: OFF | W33: OFF | X33: =IFERROR(MODE(J33:P33),"OFF") -> 0.375 | Y33: OFF
... A39: =VLOOKUP(B39,Masterlist!B:E,2,) -> 436396 | B39: Ma Joanne Girado Garcia | C39: 0.375 | D39: 0.375 | E39: 0.375 | F39: 0.375 | G39: 0.375 | H39: OFF | I39: OFF | J39: 0.375 | K39: 0.375 | L39: 0.375 | M39: 0.375 | N39: 0.375 | O39: OFF | P39: OFF | Q39: 0.375 | R39: 0.375 | S39: 0.375 | T39: 0.375 | U39: 0.375 | V39: OFF | W39: OFF | X39: =IFERROR(MODE(J39:P39),"OFF") -> 0.375 | Y39: OFF
A41: =VLOOKUP(B41,Masterlist!B:E,2,) -> 333148 | B41: Lemarie Garcia Aldaba | C41: 0.5 | D41: OFF | E41: 0.5 | F41: 0.5 | G41: OFF | H41: 0.5 | I41: 0.5 | J41: 0.5 | K41: 0.5 | L41: 0.5 | M41: OFF | N41: OFF | O41: 0.5 | P41: 0.5 | Q41: 0.5 | R41: 0.5 | S41: 0.5 | T41: OFF | U41: OFF | V41: 0.5 | W41: 0.5 | X41: =IFERROR(MODE(J41:P41),"OFF") -> 0.5 | Y41: 0.5
A42: =VLOOKUP(B42,Masterlist!B:E,2,) -> 509374 | B42: John Casper Villegas | C42: OFF | D42: OFF | E42: OFF | F42: OFF | G42: OFF | H42: OFF | I42: OFF | J42: OFF | K42: OFF | L42: OFF | M42: OFF | N42: OFF | O42: OFF | P42: OFF | Q42: OFF | R42: OFF | S42: OFF | T42: OFF | U42: OFF | V42: OFF | W42: OFF | X42: =IFERROR(MODE(J42:P42),"OFF") -> OFF | Y42: OFF
A43: =VLOOKUP(B43,Masterlist!B:E,2,) -> 509445 | B43: Kyla Tacuyan | C43: 0.5 | D43: OFF | E43: 0.5 | F43: 0.5 | G43: OFF | H43: 0.5 | I43: 0.5 | J43: 0.5 | K43: 0.5 | L43: 0.5 | M43: OFF | N43: OFF | O43: 0.5 | P43: 0.5 | Q43: 0.5 | R43: 0.5 | S43: 0.5 | T43: OFF | U43: OFF | V43: 0.5 | W43: 0.5 | X43: =IFERROR(MODE(J43:P43),"OFF") -> 0.5 | Y43: 0.5
A44: =VLOOKUP(B44,Masterlist!B:E,2,) -> 509526 | B44: Albert Cerdaña | C44: OFF | D44: OFF | E44: OFF | F44: OFF | G44: OFF | H44: OFF | I44: OFF | J44: OFF | K44: OFF | L44: OFF | M44: OFF | N44: OFF | O44: OFF | P44: OFF | Q44: OFF | R44: OFF | S44: OFF | T44: OFF | U44: OFF | V44: OFF | W44: OFF | X44: =IFERROR(MODE(J44:P44),"OFF") -> OFF | Y44: OFF
A45: =VLOOKUP(B45,Masterlist!B:E,2,) -> 509628 | B45: Cassey Mhae Aniversario | C45: 0.5 | D45: OFF | E45: 0.5 | F45: 0.5 | G45: OFF | H45: 0.5 | I45: 0.5 | J45: 0.5 | K45: 0.5 | L45: 0.5 | M45: OFF | N45: OFF | O45: 0.5 | P45: 0.5 | Q45: 0.5 | R45: 0.5 | S45: 0.5 | T45: OFF | U45: OFF | V45: 0.5 | W45: 0.5 | X45: =IFERROR(MODE(J45:P45),"OFF") -> 0.5 | Y45: 0.5
A46: =VLOOKUP(B46,Masterlist!B:E,2,) -> 511835 | B46: Ruby Ann Besin | C46: 0.5 | D46: OFF | E46: 0.5 | F46: 0.5 | G46: OFF | H46: 0.5 | I46: 0.5 | J46: 0.5 | K46: 0.5 | L46: 0.5 | M46: OFF | N46: OFF | O46: 0.5 | P46: 0.5 | Q46: 0.5 | R46: 0.5 | S46: 0.5 | T46: OFF | U46: OFF | V46: 0.5 | W46: 0.5 | X46: =IFERROR(MODE(J46:P46),"OFF") -> 0.5 | Y46: 0.5
A47: =VLOOKUP(B47,Masterlist!B:E,2,) -> 511933 | B47: Yunus Ali Sangki | C47: 0.5 | D47: OFF | E47: 0.5 | F47: 0.5 | G47: OFF | H47: 0.5 | I47: 0.5 | J47: 0.5 | K47: 0.5 | L47: 0.5 | M47: OFF | N47: OFF | O47: 0.5 | P47: 0.5 | Q47: 0.5 | R47: 0.5 | S47: 0.5 | T47: OFF | U47: OFF | V47: 0.5 | W47: 0.5 | X47: =IFERROR(MODE(J47:P47),"OFF") -> 0.5 | Y47: 0.5
A48: =VLOOKUP(B48,Masterlist!B:E,2,) -> 512012 | B48: Khervin Campos | C48: 0.5 | D48: OFF | E48: 0.5 | F48: 0.5 | G48: OFF | H48: 0.5 | I48: 0.5 | J48: 0.5 | K48: 0.5 | L48: 0.5 | M48: OFF | N48: OFF | O48: 0.5 | P48: 0.5 | Q48: 0.5 | R48: 0.5 | S48: 0.5 | T48: OFF | U48: OFF | V48: 0.5 | W48: 0.5 | X48: =IFERROR(MODE(J48:P48),"OFF") -> 0.5 | Y48: 0.5
A49: =VLOOKUP(B49,Masterlist!B:E,2,) -> 514492 | B49: Catherine Mae Alingasa | C49: 0.5 | D49: OFF | E49: 0.5 | F49: 0.5 | G49: OFF | H49: 0.5 | I49: 0.5 | J49: 0.5 | K49: 0.5 | L49: 0.5 | M49: OFF | N49: OFF | O49: 0.5 | P49: 0.5 | Q49: 0.5 | R49: 0.5 | S49: 0.5 | T49: OFF | U49: OFF | V49: 0.5 | W49: 0.5 | X49: =IFERROR(MODE(J49:P49),"OFF") -> 0.5 | Y49: 0.5
A50: =VLOOKUP(B50,Masterlist!B:E,2,) -> 514493 | B50: Anna Marie Netura | C50: 0.5 | D50: OFF | E50: 0.5 | F50: 0.5 | G50: OFF | H50: 0.5 | I50: 0.5 | J50: 0.5 | K50: 0.5 | L50: 0.5 | M50: OFF | N50: OFF | O50: 0.5 | P50: 0.5 | Q50: 0.5 | R50: 0.5 | S50: 0.5 | T50: OFF | U50: OFF | V50: 0.5 | W50: 0.5 | X50: =IFERROR(MODE(J50:P50),"OFF") -> 0.5 | Y50: 0.5
A51: =VLOOKUP(B51,Masterlist!B:E,2,) -> 514500 | B51: Mary Joy Posadas | C51: 0.5 | D51: OFF | E51: 0.5 | F51: 0.5 | G51: OFF | H51: 0.5 | I51: 0.5 | J51: 0.5 | K51: 0.5 | L51: 0.5 | M51: OFF | N51: OFF | O51: 0.5 | P51: 0.5 | Q51: 0.5 | R51: 0.5 | S51: 0.5 | T51: OFF | U51: OFF | V51: 0.5 | W51: 0.5 | X51: =IFERROR(MODE(J51:P51),"OFF") -> 0.5 | Y51: 0.5
A52: =VLOOKUP(B52,Masterlist!B:E,2,) -> 514494 | B52: Earl Jesri Siva | C52: 0.5 | D52: OFF | E52: 0.5 | F52: 0.5 | G52: OFF | H52: 0.5 | I52: 0.5 | J52: 0.5 | K52: 0.5 | L52: 0.5 | M52: OFF | N52: OFF | O52: 0.5 | P52: 0.5 | Q52: 0.5 | R52: 0.5 | S52: 0.5 | T52: OFF | U52: OFF | V52: 0.5 | W52: 0.5 | X52: =IFERROR(MODE(J52:P52),"OFF") -> 0.5 | Y52: 0.5
A53: =VLOOKUP(B53,Masterlist!B:E,2,) -> 514566 | B53: John Risky Fundal | C53: 0.5 | D53: OFF | E53: 0.5 | F53: 0.5 | G53: OFF | H53: 0.5 | I53: 0.5 | J53: 0.5 | K53: 0.5 | L53: 0.5 | M53: OFF | N53: OFF | O53: 0.5 | P53: 0.5 | Q53: 0.5 | R53: 0.5 | S53: 0.5 | T53: OFF | U53: OFF | V53: 0.5 | W53: 0.5 | X53: =IFERROR(MODE(J53:P53),"OFF") -> 0.5 | Y53: 0.5
A54: =VLOOKUP(B54,Masterlist!B:E,2,) -> 514163 | B54: Hecel Isaac | C54: 0.5 | D54: OFF | E54: 0.5 | F54: 0.5 | G54: OFF | H54: 0.5 | I54: 0.5 | J54: 0.5 | K54: 0.5 | L54: 0.5 | M54: OFF | N54: OFF | O54: 0.5 | P54: 0.5 | Q54: 0.5 | R54: 0.5 | S54: 0.5 | T54: OFF | U54: OFF | V54: 0.5 | W54: 0.5 | X54: =IFERROR(MODE(J54:P54),"OFF") -> 0.5 | Y54: 0.5
A55: =VLOOKUP(B55,Masterlist!B:E,2,) -> 418220 | B55: Mark Gofher,Tumamao,Estanes | C55: 0.41666667 | D55: OFF | E55: OFF | F55: 0.41666667 | G55: 0.41666667 | H55: 0.41666667 | I55: 0.41666667 | J55: 0.41666667 | K55: OFF | L55: OFF | M55: 0.41666667 | N55: 0.41666667 | O55: 0.41666667 | P55: 0.41666667 | Q55: 0.41666667 | R55: OFF | S55: OFF | T55: 0.41666667 | U55: 0.41666667 | V55: 0.41666667 | W55: 0.41666667 | X55: =IFERROR(MODE(J55:P55),"OFF") -> 0.41666667 | Y55: 0.41666667
A56: =VLOOKUP(B56,Masterlist!B:E,2,) -> 270974 | B56: Ariel,Marquez,Ulgado | C56: 0.41666667 | D56: OFF | E56: OFF | F56: 0.41666667 | G56: 0.41666667 | H56: 0.41666667 | I56: 0.41666667 | J56: 0.41666667 | K56: OFF | L56: OFF | M56: 0.41666667 | N56: 0.41666667 | O56: 0.41666667 | P56: 0.41666667 | Q56: 0.41666667 | R56: OFF | S56: OFF | T56: 0.41666667 | U56: 0.41666667 | V56: 0.41666667 | W56: 0.41666667 | X56: =IFERROR(MODE(J56:P56),"OFF") -> 0.41666667 | Y56: 0.41666667
A57: =VLOOKUP(B57,Masterlist!B:E,2,) -> 513908 | B57: Marilyn De Mesa | C57: 0.41666667 | D57: OFF | E57: OFF | F57: 0.41666667 | G57: 0.41666667 | H57: 0.41666667 | I57: 0.41666667 | J57: 0.41666667 | K57: OFF | L57: OFF | M57: 0.41666667 | N57: 0.41666667 | O57: 0.41666667 | P57: 0.41666667 | Q57: 0.41666667 | R57: OFF | S57: OFF | T57: 0.41666667 | U57: 0.41666667 | V57: 0.41666667 | W57: 0.41666667 | X57: =IFERROR(MODE(J57:P57),"OFF") -> 0.41666667 | Y57: 0.41666667
A58: =VLOOKUP(B58,Masterlist!B:E,2,) -> 514017 | B58: Marilyn Gargar | C58: 0.41666667 | D58: OFF | E58: OFF | F58: 0.41666667 | G58: 0.41666667 | H58: 0.41666667 | I58: 0.41666667 | J58: 0.41666667 | K58: OFF | L58: OFF | M58: 0.41666667 | N58: 0.41666667 | O58: 0.41666667 | P58: 0.41666667 | Q58: 0.41666667 | R58: OFF | S58: OFF | T58: 0.41666667 | U58: 0.41666667 | V58: 0.41666667 | W58: 0.41666667 | X58: =IFERROR(MODE(J58:P58),"OFF") -> 0.41666667 | Y58: 0.41666667
A59: =VLOOKUP(B59,Masterlist!B:E,2,) -> 513706 | B59: Marc Arthur Torres | C59: 0.41666667 | D59: OFF | E59: OFF | F59: 0.41666667 | G59: 0.41666667 | H59: 0.41666667 | I59: 0.41666667 | J59: 0.41666667 | K59: OFF | L59: OFF | M59: 0.41666667 | N59: 0.41666667 | O59: 0.41666667 | P59: 0.41666667 | Q59: 0.41666667 | R59: OFF | S59: OFF | T59: 0.41666667 | U59: 0.41666667 | V59: 0.41666667 | W59: 0.41666667 | X59: =IFERROR(MODE(J59:P59),"OFF") -> 0.41666667 | Y59: 0.41666667
A60: =VLOOKUP(B60,Masterlist!B:E,2,) -> 141580 | B60: Mary Jane Vea | C60: 0.41666667 | D60: OFF | E60: OFF | F60: 0.41666667 | G60: 0.41666667 | H60: 0.41666667 | I60: 0.41666667 | J60: 0.41666667 | K60: OFF | L60: OFF | M60: 0.41666667 | N60: 0.41666667 | O60: 0.41666667 | P60: 0.41666667 | Q60: 0.41666667 | R60: OFF | S60: OFF | T60: 0.41666667 | U60: 0.41666667 | V60: 0.41666667 | W60: 0.41666667 | X60: =IFERROR(MODE(J60:P60),"OFF") -> 0.41666667 | Y60: 0.41666667
A61: =VLOOKUP(B61,Masterlist!B:E,2,) -> 513901 | B61: Mary Chris Demafiles | C61: 0.41666667 | D61: OFF | E61: OFF | F61: 0.41666667 | G61: 0.41666667 | H61: 0.41666667 | I61: 0.41666667 | J61: 0.41666667 | K61: OFF | L61: OFF | M61: 0.41666667 | N61: 0.41666667 | O61: 0.41666667 | P61: 0.41666667 | Q61: 0.41666667 | R61: OFF | S61: OFF | T61: 0.41666667 | U61: 0.41666667 | V61: 0.41666667 | W61: 0.41666667 | X61: =IFERROR(MODE(J61:P61),"OFF") -> 0.41666667 | Y61: 0.41666667
A62: =VLOOKUP(B62,Masterlist!B:E,2,) -> 409029 | B62: Stephanie Ancheta | C62: 0.41666667 | D62: OFF | E62: OFF | F62: 0.41666667 | G62: 0.41666667 | H62: 0.41666667 | I62: 0.41666667 | J62: 0.41666667 | K62: OFF | L62: OFF | M62: 0.41666667 | N62: 0.41666667 | O62: 0.41666667 | P62: 0.41666667 | Q62: 0.41666667 | R62: OFF | S62: OFF | T62: 0.41666667 | U62: 0.41666667 | V62: 0.41666667 | W62: 0.41666667 | X62: =IFERROR(MODE(J62:P62),"OFF") -> 0.41666667 | Y62: 0.41666667
A63: =VLOOKUP(B63,Masterlist!B:E,2,) -> 317109 | B63: Eunice Jael Ruedas | C63: 0.41666667 | D63: OFF | E63: OFF | F63: 0.41666667 | G63: 0.41666667 | H63: 0.41666667 | I63: 0.41666667 | J63: 0.41666667 | K63: OFF | L63: OFF | M63: 0.41666667 | N63: 0.41666667 | O63: 0.41666667 | P63: 0.41666667 | Q63: 0.41666667 | R63: OFF | S63: OFF | T63: 0.41666667 | U63: 0.41666667 | V63: 0.41666667 | W63: 0.41666667 | X63: =IFERROR(MODE(J63:P63),"OFF") -> 0.41666667 | Y63: 0.41666667
A64: =VLOOKUP(B64,Masterlist!B:E,2,) -> 516114 | B64: Marnie David | C64: 0.41666667 | D64: OFF | E64: OFF | F64: 0.41666667 | G64: 0.41666667 | H64: 0.41666667 | I64: 0.41666667 | J64: 0.41666667 | K64: OFF | L64: OFF | M64: 0.41666667 | N64: 0.41666667 | O64: 0.41666667 | P64: 0.41666667 | Q64: 0.41666667 | R64: OFF | S64: OFF | T64: 0.41666667 | U64: 0.41666667 | V64: 0.41666667 | W64: 0.41666667 | X64: =IFERROR(MODE(J64:P64),"OFF") -> 0.41666667 | Y64: 0.41666667
A65: =VLOOKUP(B65,Masterlist!B:E,2,) -> 513093 | B65: Marilyn Victorino | C65: 0.41666667 | D65: OFF | E65: OFF | F65: 0.41666667 | G65: 0.41666667 | H65: 0.41666667 | I65: 0.41666667 | J65: 0.41666667 | K65: OFF | L65: OFF | M65: 0.41666667 | N65: 0.41666667 | O65: 0.41666667 | P65: 0.41666667 | Q65: 0.41666667 | R65: OFF | S65: OFF | T65: 0.41666667 | U65: 0.41666667 | V65: 0.41666667 | W65: 0.41666667 | X65: =IFERROR(MODE(J65:P65),"OFF") -> 0.41666667 | Y65: 0.41666667
A66: =VLOOKUP(B66,Masterlist!B:E,2,) -> 515343 | B66: Rufino Cateron | C66: 0.41666667 | D66: OFF | E66: OFF | F66: 0.41666667 | G66: 0.41666667 | H66: 0.41666667 | I66: 0.41666667 | J66: 0.41666667 | K66: OFF | L66: OFF | M66: 0.41666667 | N66: 0.41666667 | O66: 0.41666667 | P66: 0.41666667 | Q66: 0.41666667 | R66: OFF | S66: OFF | T66: 0.41666667 | U66: 0.41666667 | V66: 0.41666667 | W66: 0.41666667 | X66: =IFERROR(MODE(J66:P66),"OFF") -> 0.41666667 | Y66: 0.41666667
... A71: =VLOOKUP(B71,Masterlist!B:E,2,) -> 514876 | B71: Christopher Tolentino | C71: 0.41666667 | D71: OFF | E71: OFF | F71: 0.41666667 | G71: 0.41666667 | H71: 0.41666667 | I71: 0.41666667 | J71: 0.41666667 | K71: OFF | L71: OFF | M71: 0.41666667 | N71: 0.41666667 | O71: 0.41666667 | P71: 0.41666667 | Q71: 0.41666667 | R71: OFF | S71: OFF | T71: 0.41666667 | U71: 0.41666667 | V71: 0.41666667 | W71: 0.41666667 | X71: =IFERROR(MODE(J71:P71),"OFF") -> 0.41666667 | Y71: 0.41666667
A72: =VLOOKUP(B72,Masterlist!B:E,2,) -> 514023 | B72: Conrado Abricanan | C72: OFF | D72: OFF | E72: OFF | F72: OFF | G72: OFF | H72: OFF | I72: OFF | J72: OFF | K72: OFF | L72: OFF | M72: OFF | N72: OFF | O72: OFF | P72: OFF | Q72: OFF | R72: OFF | S72: OFF | T72: OFF | U72: OFF | V72: OFF | W72: OFF | X72: =IFERROR(MODE(J72:P72),"OFF") -> OFF | Y72: OFF
A73: =VLOOKUP(B73,Masterlist!B:E,2,) -> 514065 | B73: Camalludin Mikunug | C73: 0.41666667 | D73: OFF | E73: OFF | F73: 0.41666667 | G73: 0.41666667 | H73: 0.41666667 | I73: 0.41666667 | J73: 0.41666667 | K73: OFF | L73: OFF | M73: 0.41666667 | N73: 0.41666667 | O73: 0.41666667 | P73: 0.41666667 | Q73: 0.41666667 | R73: OFF | S73: OFF | T73: 0.41666667 | U73: 0.41666667 | V73: 0.41666667 | W73: 0.41666667 | X73: =IFERROR(MODE(J73:P73),"OFF") -> 0.41666667 | Y73: 0.41666667
A74: =VLOOKUP(B74,Masterlist!B:E,2,) -> 515880 | B74: Marjorie Naval | C74: 0.41666667 | D74: OFF | E74: OFF | F74: 0.41666667 | G74: 0.41666667 | H74: 0.41666667 | I74: 0.41666667 | J74: 0.41666667 | K74: OFF | L74: OFF | M74: 0.41666667 | N74: 0.41666667 | O74: 0.41666667 | P74: 0.41666667 | Q74: 0.41666667 | R74: OFF | S74: OFF | T74: 0.41666667 | U74: 0.41666667 | V74: 0.41666667 | W74: 0.41666667 | X74: =IFERROR(MODE(J74:P74),"OFF") -> 0.41666667 | Y74: 0.41666667
A75: =VLOOKUP(B75,Masterlist!B:E,2,) -> 514586 | B75: Winchell Ann Galotera | C75: 0.41666667 | D75: OFF | E75: OFF | F75: 0.41666667 | G75: 0.41666667 | H75: 0.41666667 | I75: 0.41666667 | J75: 0.41666667 | K75: OFF | L75: OFF | M75: 0.41666667 | N75: 0.41666667 | O75: 0.41666667 | P75: 0.41666667 | Q75: 0.41666667 | R75: OFF | S75: OFF | T75: 0.41666667 | U75: 0.41666667 | V75: 0.41666667 | W75: 0.41666667 | X75: =IFERROR(MODE(J75:P75),"OFF") -> 0.41666667 | Y75: 0.41666667
A76: =VLOOKUP(B76,Masterlist!B:E,2,) -> 312901 | B76: Ma Lourdes Logronio | C76: 0.41666667 | D76: OFF | E76: OFF | F76: 0.41666667 | G76: 0.41666667 | H76: 0.41666667 | I76: 0.41666667 | J76: 0.41666667 | K76: OFF | L76: OFF | M76: 0.41666667 | N76: 0.41666667 | O76: 0.41666667 | P76: 0.41666667 | Q76: 0.41666667 | R76: OFF | S76: OFF | T76: 0.41666667 | U76: 0.41666667 | V76: 0.41666667 | W76: 0.41666667 | X76: =IFERROR(MODE(J76:P76),"OFF") -> 0.41666667 | Y76: 0.41666667
A77: =VLOOKUP(B77,Masterlist!B:E,2,) -> 516477 | B77: Guilliane Lee Cantillas | C77: 0.41666667 | D77: OFF | E77: OFF | F77: 0.41666667 | G77: 0.41666667 | H77: 0.41666667 | I77: 0.41666667 | J77: 0.41666667 | K77: OFF | L77: OFF | M77: 0.41666667 | N77: 0.41666667 | O77: 0.41666667 | P77: 0.41666667 | Q77: 0.41666667 | R77: OFF | S77: OFF | T77: 0.41666667 | U77: 0.41666667 | V77: 0.41666667 | W77: 0.41666667 | X77: =IFERROR(MODE(J77:P77),"OFF") -> 0.41666667 | Y77: 0.41666667
A78: =VLOOKUP(B78,Masterlist!B:E,2,) -> 513310 | B78: Angelo Llobrera | C78: 0.41666667 | D78: OFF | E78: OFF | F78: 0.41666667 | G78: 0.41666667 | H78: 0.41666667 | I78: 0.41666667 | J78: 0.41666667 | K78: OFF | L78: OFF | M78: 0.41666667 | N78: 0.41666667 | O78: 0.41666667 | P78: 0.41666667 | Q78: 0.41666667 | R78: OFF | S78: OFF | T78: 0.41666667 | U78: 0.41666667 | V78: 0.41666667 | W78: 0.41666667 | X78: =IFERROR(MODE(J78:P78),"OFF") -> 0.41666667 | Y78: 0.41666667
A79: =VLOOKUP(B79,Masterlist!B:E,2,) -> 337009 | B79: Darryl Mitzi Subong | C79: 0.41666667 | D79: OFF | E79: OFF | F79: 0.41666667 | G79: 0.41666667 | H79: 0.41666667 | I79: 0.41666667 | J79: 0.41666667 | K79: OFF | L79: OFF | M79: 0.41666667 | N79: 0.41666667 | O79: 0.41666667 | P79: 0.41666667 | Q79: 0.41666667 | R79: OFF | S79: OFF | T79: 0.41666667 | U79: 0.41666667 | V79: 0.41666667 | W79: 0.41666667 | X79: =IFERROR(MODE(J79:P79),"OFF") -> 0.41666667 | Y79: 0.41666667
A80: =VLOOKUP(B80,Masterlist!B:E,2,) -> 512857 | B80: Glen Kenedy Samson | C80: 0.41666667 | D80: OFF | E80: OFF | F80: 0.41666667 | G80: 0.41666667 | H80: 0.41666667 | I80: 0.41666667 | J80: 0.41666667 | K80: OFF | L80: OFF | M80: 0.41666667 | N80: 0.41666667 | O80: 0.41666667 | P80: 0.41666667 | Q80: 0.41666667 | R80: OFF | S80: OFF | T80: 0.41666667 | U80: 0.41666667 | V80: 0.41666667 | W80: 0.41666667 | X80: =IFERROR(MODE(J80:P80),"OFF") -> 0.41666667 | Y80: 0.41666667
A81: =VLOOKUP(B81,Masterlist!B:E,2,) -> 485738 | B81: Jacqueline Valdez | C81: 0.41666667 | D81: OFF | E81: OFF | F81: 0.41666667 | G81: 0.41666667 | H81: 0.41666667 | I81: 0.41666667 | J81: 0.41666667 | K81: OFF | L81: OFF | M81: 0.41666667 | N81: 0.41666667 | O81: 0.41666667 | P81: 0.41666667 | Q81: 0.41666667 | R81: OFF | S81: OFF | T81: 0.41666667 | U81: 0.41666667 | V81: 0.41666667 | W81: 0.41666667 | X81: =IFERROR(MODE(J81:P81),"OFF") -> 0.41666667 | Y81: 0.41666667
A82: =VLOOKUP(B82,Masterlist!B:E,2,) -> 514503 | B82: Joshua Catipunan | C82: 0.41666667 | D82: OFF | E82: OFF | F82: 0.41666667 | G82: 0.41666667 | H82: 0.41666667 | I82: 0.41666667 | J82: 0.41666667 | K82: OFF | L82: OFF | M82: 0.41666667 | N82: 0.41666667 | O82: 0.41666667 | P82: 0.41666667 | Q82: 0.41666667 | R82: OFF | S82: OFF | T82: 0.41666667 | U82: 0.41666667 | V82: 0.41666667 | W82: 0.41666667 | X82: =IFERROR(MODE(J82:P82),"OFF") -> 0.41666667 | Y82: 0.41666667
A83: =VLOOKUP(B83,Masterlist!B:E,2,) -> 513808 | B83: William Vinluan | C83: 0.41666667 | D83: OFF | E83: OFF | F83: 0.41666667 | G83: 0.41666667 | H83: 0.41666667 | I83: 0.41666667 | J83: 0.41666667 | K83: OFF | L83: OFF | M83: 0.41666667 | N83: 0.41666667 | O83: 0.41666667 | P83: 0.41666667 | Q83: 0.41666667 | R83: OFF | S83: OFF | T83: 0.41666667 | U83: 0.41666667 | V83: 0.41666667 | W83: 0.41666667 | X83: =IFERROR(MODE(J83:P83),"OFF") -> 0.41666667 | Y83: 0.41666667
A84: =VLOOKUP(B84,Masterlist!B:E,2,) -> 518655 | B84: Jovie Cervano | C84: 0.41666667 | D84: OFF | E84: OFF | F84: 0.41666667 | G84: 0.41666667 | H84: 0.41666667 | I84: 0.41666667 | J84: 0.41666667 | K84: OFF | L84: OFF | M84: 0.41666667 | N84: 0.41666667 | O84: 0.41666667 | P84: 0.41666667 | Q84: 0.41666667 | R84: OFF | S84: OFF | T84: 0.41666667 | U84: 0.41666667 | V84: 0.41666667 | W84: 0.41666667 | X84: =IFERROR(MODE(J84:P84),"OFF") -> 0.41666667 | Y84: 0.41666667
... A90: =VLOOKUP(B90,Masterlist!B:E,2,) -> 216604 | B90: Wallen Simbahan | C90: 0.41666667 | D90: OFF | E90: OFF | F90: 0.41666667 | G90: 0.41666667 | H90: 0.41666667 | I90: 0.41666667 | J90: 0.41666667 | K90: OFF | L90: OFF | M90: 0.41666667 | N90: 0.41666667 | O90: 0.41666667 | P90: 0.41666667 | Q90: 0.41666667 | R90: OFF | S90: OFF | T90: 0.41666667 | U90: 0.41666667 | V90: 0.41666667 | W90: 0.41666667 | X90: =IFERROR(MODE(J90:P90),"OFF") -> 0.41666667 | Y90: 0.41666667
A91: =VLOOKUP(B91,Masterlist!B:E,2,) -> 514059 | B91: Kathleene Faye Villarin | C91: 0.66666667 | D91: 0.66666667 | E91: 0.66666667 | F91: OFF | G91: 0.66666667 | H91: OFF | I91: 0.66666667 | J91: 0.66666667 | K91: 0.66666667 | L91: 0.66666667 | M91: 0.66666667 | N91: OFF | O91: OFF | P91: 0.66666667 | Q91: 0.66666667 | R91: 0.66666667 | S91: 0.66666667 | T91: 0.66666667 | U91: OFF | V91: OFF | W91: 0.66666667 | X91: =IFERROR(MODE(J91:P91),"OFF") -> 0.66666667 | Y91: 0.66666667
A92: =VLOOKUP(B92,Masterlist!B:E,2,) -> 514126 | B92: Rencel Jan Hortillosa | C92: 0.66666667 | D92: 0.66666667 | E92: 0.66666667 | F92: OFF | G92: 0.66666667 | H92: OFF | I92: 0.66666667 | J92: 0.66666667 | K92: 0.66666667 | L92: 0.66666667 | M92: 0.66666667 | N92: OFF | O92: OFF | P92: 0.66666667 | Q92: 0.66666667 | R92: 0.66666667 | S92: 0.66666667 | T92: 0.66666667 | U92: OFF | V92: OFF | W92: 0.66666667 | X92: =IFERROR(MODE(J92:P92),"OFF") -> 0.66666667 | Y92: 0.66666667
A93: =VLOOKUP(B93,Masterlist!B:E,2,) -> 514129 | B93: Fiona Joice Padilla | C93: 0.66666667 | D93: 0.66666667 | E93: 0.66666667 | F93: OFF | G93: 0.66666667 | H93: OFF | I93: 0.66666667 | J93: 0.66666667 | K93: 0.66666667 | L93: 0.66666667 | M93: 0.66666667 | N93: OFF | O93: OFF | P93: 0.66666667 | Q93: 0.66666667 | R93: 0.66666667 | S93: 0.66666667 | T93: 0.66666667 | U93: OFF | V93: OFF | W93: 0.66666667 | X93: =IFERROR(MODE(J93:P93),"OFF") -> 0.66666667 | Y93: 0.66666667
A94: =VLOOKUP(B94,Masterlist!B:E,2,) -> 514019 | B94: John Vincent Tio | C94: 0.66666667 | D94: 0.66666667 | E94: 0.66666667 | F94: OFF | G94: 0.66666667 | H94: OFF | I94: 0.66666667 | J94: 0.66666667 | K94: 0.66666667 | L94: 0.66666667 | M94: 0.66666667 | N94: OFF | O94: OFF | P94: 0.66666667 | Q94: 0.66666667 | R94: 0.66666667 | S94: 0.66666667 | T94: 0.66666667 | U94: OFF | V94: OFF | W94: 0.66666667 | X94: =IFERROR(MODE(J94:P94),"OFF") -> 0.66666667 | Y94: 0.66666667
A95: =VLOOKUP(B95,Masterlist!B:E,2,) -> 514498 | B95: Christine Jessa Barillo | C95: 0.66666667 | D95: 0.66666667 | E95: 0.66666667 | F95: OFF | G95: 0.66666667 | H95: OFF | I95: 0.66666667 | J95: 0.66666667 | K95: 0.66666667 | L95: 0.66666667 | M95: 0.66666667 | N95: OFF | O95: OFF | P95: 0.66666667 | Q95: 0.66666667 | R95: 0.66666667 | S95: 0.66666667 | T95: 0.66666667 | U95: OFF | V95: OFF | W95: 0.66666667 | X95: =IFERROR(MODE(J95:P95),"OFF") -> 0.66666667 | Y95: 0.66666667
A96: =VLOOKUP(B96,Masterlist!B:E,2,) -> 514495 | B96: Erika Teodore | C96: 0.66666667 | D96: 0.66666667 | E96: 0.66666667 | F96: OFF | G96: 0.66666667 | H96: OFF | I96: 0.66666667 | J96: 0.66666667 | K96: 0.66666667 | L96: 0.66666667 | M96: 0.66666667 | N96: OFF | O96: OFF | P96: 0.66666667 | Q96: 0.66666667 | R96: 0.66666667 | S96: 0.66666667 | T96: 0.66666667 | U96: OFF | V96: OFF | W96: 0.66666667 | X96: =IFERROR(MODE(J96:P96),"OFF") -> 0.66666667 | Y96: 0.66666667
A97: =VLOOKUP(B97,Masterlist!B:E,2,) -> 514569 | B97: Ella Mae Alvarez | C97: 0.66666667 | D97: 0.66666667 | E97: 0.66666667 | F97: OFF | G97: 0.66666667 | H97: OFF | I97: 0.66666667 | J97: 0.66666667 | K97: 0.66666667 | L97: 0.66666667 | M97: 0.66666667 | N97: OFF | O97: OFF | P97: 0.66666667 | Q97: 0.66666667 | R97: 0.66666667 | S97: 0.66666667 | T97: 0.66666667 | U97: OFF | V97: OFF | W97: 0.66666667 | X97: =IFERROR(MODE(J97:P97),"OFF") -> 0.66666667 | Y97: 0.66666667
A98: =VLOOKUP(B98,Masterlist!B:E,2,) -> 267363 | B98: Jared Geduspan | C98: 0.66666667 | D98: 0.66666667 | E98: 0.66666667 | F98: OFF | G98: 0.66666667 | H98: OFF | I98: 0.66666667 | J98: 0.66666667 | K98: 0.66666667 | L98: 0.66666667 | M98: 0.66666667 | N98: OFF | O98: OFF | P98: 0.66666667 | Q98: 0.66666667 | R98: 0.66666667 | S98: 0.66666667 | T98: 0.66666667 | U98: OFF | V98: OFF | W98: 0.66666667 | X98: =IFERROR(MODE(J98:P98),"OFF") -> 0.66666667 | Y98: 0.66666667
A99: =VLOOKUP(B99,Masterlist!B:E,2,) -> 412004 | B99: Jaudian Kenneth Ian | C99: 0.66666667 | D99: 0.66666667 | E99: 0.66666667 | F99: OFF | G99: 0.66666667 | H99: OFF | I99: 0.66666667 | J99: 0.66666667 | K99: 0.66666667 | L99: 0.66666667 | M99: 0.66666667 | N99: OFF | O99: OFF | P99: 0.66666667 | Q99: 0.66666667 | R99: 0.66666667 | S99: 0.66666667 | T99: 0.66666667 | U99: OFF | V99: OFF | W99: 0.66666667 | X99: =IFERROR(MODE(J99:P99),"OFF") -> 0.66666667 | Y99: 0.66666667
A100: =VLOOKUP(B100,Masterlist!B:E,2,) -> 299549 | B100: Regina Angelica Duguran | C100: 0.66666667 | D100: 0.66666667 | E100: 0.66666667 | F100: OFF | G100: 0.66666667 | H100: OFF | I100: 0.66666667 | J100: 0.66666667 | K100: 0.66666667 | L100: 0.66666667 | M100: 0.66666667 | N100: OFF | O100: OFF | P100: 0.66666667 | Q100: 0.66666667 | R100: 0.66666667 | S100: 0.66666667 | T100: 0.66666667 | U100: OFF | V100: OFF | W100: 0.66666667 | X100: =IFERROR(MODE(J100:P100),"OFF") -> 0.66666667 | Y100: 0.66666667
A101: =VLOOKUP(B101,Masterlist!B:E,2,) -> 269181 | B101: Annie Lyn Dormido | C101: OFF | D101: OFF | E101: OFF | F101: 0.66666667 | G101: OFF | H101: 0.66666667 | I101: 0.66666667 | J101: OFF | K101: 0.66666667 | L101: 0.66666667 | M101: 0.66666667 | N101: OFF | O101: 0.66666667 | P101: 0.66666667 | Q101: OFF | R101: 0.66666667 | S101: 0.66666667 | T101: 0.66666667 | U101: OFF | V101: 0.66666667 | W101: 0.66666667 | X101: =IFERROR(MODE(J101:P101),"OFF") -> 0.66666667 | Y101: OFF
A102: =VLOOKUP(B102,Masterlist!B:E,2,) -> 291678 | B102: Lolette Annie Escobido | C102: 0.66666667 | D102: 0.66666667 | E102: 0.66666667 | F102: OFF | G102: 0.66666667 | H102: OFF | I102: 0.66666667 | J102: 0.66666667 | K102: 0.66666667 | L102: 0.66666667 | M102: 0.66666667 | N102: OFF | O102: OFF | P102: 0.66666667 | Q102: 0.66666667 | R102: 0.66666667 | S102: 0.66666667 | T102: 0.66666667 | U102: OFF | V102: OFF | W102: 0.66666667 | X102: =IFERROR(MODE(J102:P102),"OFF") -> 0.66666667 | Y102: 0.66666667
A103: =VLOOKUP(B103,Masterlist!B:E,2,) -> 306371 | B103: Delia de la Torre | C103: 0.66666667 | D103: 0.66666667 | E103: 0.66666667 | F103: OFF | G103: 0.66666667 | H103: OFF | I103: 0.66666667 | J103: 0.66666667 | K103: 0.66666667 | L103: 0.66666667 | M103: 0.66666667 | N103: OFF | O103: OFF | P103: 0.66666667 | Q103: 0.66666667 | R103: 0.66666667 | S103: 0.66666667 | T103: 0.66666667 | U103: OFF | V103: OFF | W103: 0.66666667 | X103: =IFERROR(MODE(J103:P103),"OFF") -> 0.66666667 | Y103: 0.66666667
A104: =VLOOKUP(B104,Masterlist!B:E,2,) -> 509089 | B104: Giline Javellana | C104: 0.625 | D104: 0.625 | E104: OFF | F104: 0.625 | G104: 0.625 | H104: 0.625 | I104: OFF | J104: OFF | K104: 0.625 | L104: 0.625 | M104: 0.625 | N104: 0.625 | O104: 0.625 | P104: OFF | Q104: OFF | R104: 0.625 | S104: 0.625 | T104: 0.625 | U104: 0.625 | V104: 0.625 | W104: OFF | X104: =IFERROR(MODE(J104:P104),"OFF") -> 0.625 | Y104: 0.625
A105: =VLOOKUP(B105,Masterlist!B:E,2,) -> 509092 | B105: Hygeia Fides Mariae Pedalino | C105: 0.625 | D105: 0.625 | E105: OFF | F105: 0.625 | G105: 0.625 | H105: 0.625 | I105: OFF | J105: OFF | K105: 0.625 | L105: 0.625 | M105: 0.625 | N105: 0.625 | O105: 0.625 | P105: OFF | Q105: OFF | R105: 0.625 | S105: 0.625 | T105: 0.625 | U105: 0.625 | V105: 0.625 | W105: OFF | X105: =IFERROR(MODE(J105:P105),"OFF") -> 0.625 | Y105: 0.625
A106: =VLOOKUP(B106,Masterlist!B:E,2,) -> 509186 | B106: Allen Grace De Juan | C106: 0.625 | D106: 0.625 | E106: OFF | F106: 0.625 | G106: 0.625 | H106: 0.625 | I106: OFF | J106: OFF | K106: 0.625 | L106: 0.625 | M106: 0.625 | N106: 0.625 | O106: 0.625 | P106: OFF | Q106: OFF | R106: 0.625 | S106: 0.625 | T106: 0.625 | U106: 0.625 | V106: 0.625 | W106: OFF | X106: =IFERROR(MODE(J106:P106),"OFF") -> 0.625 | Y106: 0.625
A107: =VLOOKUP(B107,Masterlist!B:E,2,) -> 509284 | B107: Ma. Fatima Camposano | C107: 0.625 | D107: 0.625 | E107: OFF | F107: 0.625 | G107: 0.625 | H107: 0.625 | I107: OFF | J107: OFF | K107: 0.625 | L107: 0.625 | M107: 0.625 | N107: 0.625 | O107: 0.625 | P107: OFF | Q107: OFF | R107: 0.625 | S107: 0.625 | T107: 0.625 | U107: 0.625 | V107: 0.625 | W107: OFF | X107: =IFERROR(MODE(J107:P107),"OFF") -> 0.625 | Y107: 0.625
A108: =VLOOKUP(B108,Masterlist!B:E,2,) -> 510236 | B108: Mavel Batisla-ong | C108: 0.625 | D108: 0.625 | E108: OFF | F108: 0.625 | G108: 0.625 | H108: 0.625 | I108: OFF | J108: OFF | K108: 0.625 | L108: 0.625 | M108: 0.625 | N108: 0.625 | O108: 0.625 | P108: OFF | Q108: OFF | R108: 0.625 | S108: 0.625 | T108: 0.625 | U108: 0.625 | V108: 0.625 | W108: OFF | X108: =IFERROR(MODE(J108:P108),"OFF") -> 0.625 | Y108: 0.625
A109: =VLOOKUP(B109,Masterlist!B:E,2,) -> 510234 | B109: Merson Lemuel Teofi Nazareno | C109: 0.625 | D109: 0.625 | E109: OFF | F109: 0.625 | G109: 0.625 | H109: 0.625 | I109: OFF | J109: OFF | K109: 0.625 | L109: 0.625 | M109: 0.625 | N109: 0.625 | O109: 0.625 | P109: OFF | Q109: OFF | R109: 0.625 | S109: 0.625 | T109: 0.625 | U109: 0.625 | V109: 0.625 | W109: OFF | X109: =IFERROR(MODE(J109:P109),"OFF") -> 0.625 | Y109: 0.625
A110: =VLOOKUP(B110,Masterlist!B:E,2,) -> 510233 | B110: King Mel Saromines | C110: 0.625 | D110: 0.625 | E110: OFF | F110: 0.625 | G110: 0.625 | H110: 0.625 | I110: OFF | J110: OFF | K110: 0.625 | L110: 0.625 | M110: 0.625 | N110: 0.625 | O110: 0.625 | P110: OFF | Q110: OFF | R110: 0.625 | S110: 0.625 | T110: 0.625 | U110: 0.625 | V110: 0.625 | W110: OFF | X110: =IFERROR(MODE(J110:P110),"OFF") -> 0.625 | Y110: 0.625
A111: =VLOOKUP(B111,Masterlist!B:E,2,) -> 510225 | B111: Darlene Joy Lizada | C111: 0.625 | D111: 0.625 | E111: OFF | F111: 0.625 | G111: 0.625 | H111: 0.625 | I111: OFF | J111: OFF | K111: 0.625 | L111: 0.625 | M111: 0.625 | N111: 0.625 | O111: 0.625 | P111: OFF | Q111: OFF | R111: 0.625 | S111: 0.625 | T111: 0.625 | U111: 0.625 | V111: 0.625 | W111: OFF | X111: =IFERROR(MODE(J111:P111),"OFF") -> 0.625 | Y111: 0.625
A112: =VLOOKUP(B112,Masterlist!B:E,2,) -> 509521 | B112: Archie Plete | C112: 0.625 | D112: 0.625 | E112: OFF | F112: 0.625 | G112: 0.625 | H112: 0.625 | I112: OFF | J112: OFF | K112: 0.625 | L112: 0.625 | M112: 0.625 | N112: 0.625 | O112: 0.625 | P112: OFF | Q112: OFF | R112: 0.625 | S112: 0.625 | T112: 0.625 | U112: 0.625 | V112: 0.625 | W112: OFF | X112: =IFERROR(MODE(J112:P112),"OFF") -> 0.625 | Y112: 0.625
A113: =VLOOKUP(B113,Masterlist!B:E,2,) -> 510477 | B113: John Lord Divinagracia | C113: 0.625 | D113: 0.625 | E113: OFF | F113: 0.625 | G113: 0.625 | H113: 0.625 | I113: OFF | J113: OFF | K113: 0.625 | L113: 0.625 | M113: 0.625 | N113: 0.625 | O113: 0.625 | P113: OFF | Q113: OFF | R113: 0.625 | S113: 0.625 | T113: 0.625 | U113: 0.625 | V113: 0.625 | W113: OFF | X113: =IFERROR(MODE(J113:P113),"OFF") -> 0.625 | Y113: 0.625
A114: =VLOOKUP(B114,Masterlist!B:E,2,) -> 510484 | B114: Karen Jay Villardar | C114: 0.625 | D114: 0.625 | E114: OFF | F114: 0.625 | G114: 0.625 | H114: 0.625 | I114: OFF | J114: OFF | K114: 0.625 | L114: 0.625 | M114: 0.625 | N114: 0.625 | O114: 0.625 | P114: OFF | Q114: OFF | R114: 0.625 | S114: 0.625 | T114: 0.625 | U114: 0.625 | V114: 0.625 | W114: OFF | X114: =IFERROR(MODE(J114:P114),"OFF") -> 0.625 | Y114: 0.625
A115: =VLOOKUP(B115,Masterlist!B:E,2,) -> 509379 | B115: Glenn Peñaflorida | C115: 0.625 | D115: 0.625 | E115: OFF | F115: 0.625 | G115: 0.625 | H115: 0.625 | I115: OFF | J115: OFF | K115: 0.625 | L115: 0.625 | M115: 0.625 | N115: 0.625 | O115: 0.625 | P115: OFF | Q115: OFF | R115: 0.625 | S115: 0.625 | T115: 0.625 | U115: 0.625 | V115: 0.625 | W115: OFF | X115: =IFERROR(MODE(J115:P115),"OFF") -> 0.625 | Y115: 0.625
...

Sheet Pavia
A1: Schedule (EST) | C1: ='Agent Sched'!C1:I1 -> WEEK BEGINNING 0427 | J1: ='Agent Sched'!J1:P1 -> WEEK BEGINNING 0504 | Q1: ='Agent Sched'!Q1:W1 -> WEEK BEGINNING 0511 | Y1: Prev Sun
A2: UID | B2: Agent Name | C2: Mon | D2: Tue | E2: Wed | F2: Thu | G2: Fri | H2: Sat | I2: Sun | J2: Mon | K2: Tue | L2: Wed | M2: Thu | N2: Fri | O2: Sat | P2: Sun | Q2: Mon | R2: Tue | S2: Wed | T2: Thu | U2: Fri | V2: Sat | W2: Sun | X2: Shift | Y2: Sun | AA2: Total
C3: ='Agent Sched'!C3 -> 46139 | D3: =C3+1 -> 46140 | E3: =D3+1 -> 46141 | F3: =E3+1 -> 46142 | G3: =F3+1 -> 46143 | H3: =G3+1 -> 46144 | I3: =H3+1 -> 46145 | J3: =I3+1 -> 46146 | K3: =J3+1 -> 46147 | ... W3: =V3+1 -> 46159 | Y3: =C3-1 -> 46138
A4: =VLOOKUP(B4,Masterlist!B:E,2,) -> 271192 | B4: Ann Dominique Ilustre Abada | C4: 0.375 | D4: OFF | E4: OFF | F4: 0.375 | G4: 0.375 | H4: 0.375 | I4: 0.375 | J4: 0.375 | K4: OFF | L4: OFF | M4: 0.375 | N4: 0.375 | O4: 0.375 | P4: 0.375 | Q4: 0.375 | R4: OFF | S4: OFF | T4: 0.375 | U4: 0.375 | V4: 0.375 | W4: 0.375 | X4: =IFERROR(MODE(J4:P4),"OFF") -> 0.375 | Y4: 0.375 | AA4: 0.375 | AB4: =COUNTIF(X:X,AA4) -> 22
A5: =VLOOKUP(B5,Masterlist!B:E,2,) -> 487057 | B5: Aya Banderado | C5: 0.375 | D5: OFF | E5: OFF | F5: 0.375 | G5: 0.375 | H5: 0.375 | I5: 0.375 | J5: 0.375 | K5: OFF | L5: OFF | M5: 0.375 | N5: 0.375 | O5: 0.375 | P5: 0.375 | Q5: 0.375 | R5: OFF | S5: OFF | T5: 0.375 | U5: 0.375 | V5: 0.375 | W5: 0.375 | X5: =IFERROR(MODE(J5:P5),"OFF") -> 0.375 | Y5: 0.375 | AA5: 0.625 | AB5: =COUNTIF(X:X,AA5) -> 0
A6: =VLOOKUP(B6,Masterlist!B:E,2,) -> 486751 | B6: Edrine Aaron Verdejo | C6: 0.375 | D6: OFF | E6: OFF | F6: 0.375 | G6: 0.375 | H6: 0.375 | I6: 0.375 | J6: 0.375 | K6: OFF | L6: OFF | M6: 0.375 | N6: 0.375 | O6: 0.375 | P6: 0.375 | Q6: 0.375 | R6: OFF | S6: OFF | T6: 0.375 | U6: 0.375 | V6: 0.375 | W6: 0.375 | X6: =IFERROR(MODE(J6:P6),"OFF") -> 0.375 | Y6: 0.375 | AA6: 0.66666667 | AB6: =COUNTIF(X:X,AA6) -> 10
A7: =VLOOKUP(B7,Masterlist!B:E,2,) -> 487312 | B7: Kent Gil | C7: 0.375 | D7: OFF | E7: OFF | F7: 0.375 | G7: 0.375 | H7: 0.375 | I7: 0.375 | J7: 0.375 | K7: OFF | L7: OFF | M7: 0.375 | N7: 0.375 | O7: 0.375 | P7: 0.375 | Q7: 0.375 | R7: OFF | S7: OFF | T7: 0.375 | U7: 0.375 | V7: 0.375 | W7: 0.375 | X7: =IFERROR(MODE(Q7:W7),"OFF") -> 0.375 | Y7: 0.375 | AA7: 0.5 | AB7: =COUNTIF(X:X,AA7) -> 4
A8: =VLOOKUP(B8,Masterlist!B:E,2,) -> 486784 | B8: Tim Justine Jover | C8: 0.375 | D8: OFF | E8: OFF | F8: 0.375 | G8: 0.375 | H8: 0.375 | I8: 0.375 | J8: 0.375 | K8: OFF | L8: OFF | M8: 0.375 | N8: 0.375 | O8: 0.375 | P8: 0.375 | Q8: 0.375 | R8: OFF | S8: OFF | T8: 0.375 | U8: 0.375 | V8: 0.375 | W8: 0.375 | X8: =IFERROR(MODE(Q8:W8),"OFF") -> 0.375 | Y8: 0.375 | AA8: 0.875 | AB8: =COUNTIF(X:X,AA8) -> 37
A9: =VLOOKUP(B9,Masterlist!B:E,2,) -> 486899 | B9: Allyzza Mae Ibañez | C9: 0.375 | D9: OFF | E9: OFF | F9: 0.375 | G9: 0.375 | H9: 0.375 | I9: 0.375 | J9: 0.375 | K9: OFF | L9: OFF | M9: 0.375 | N9: 0.375 | O9: 0.375 | P9: 0.375 | Q9: 0.375 | R9: OFF | S9: OFF | T9: 0.375 | U9: 0.375 | V9: 0.375 | W9: 0.375 | X9: =IFERROR(MODE(Q9:W9),"OFF") -> 0.375 | Y9: 0.375 | AB9: =SUM(AB4:AB8) -> 73
A10: =VLOOKUP(B10,Masterlist!B:E,2,) -> 487072 | B10: John Paul Rando | C10: 0.375 | D10: OFF | E10: OFF | F10: 0.375 | G10: 0.375 | H10: 0.375 | I10: 0.375 | J10: 0.375 | K10: OFF | L10: OFF | M10: 0.375 | N10: 0.375 | O10: 0.375 | P10: 0.375 | Q10: 0.375 | R10: OFF | S10: OFF | T10: 0.375 | U10: 0.375 | V10: 0.375 | W10: 0.375 | X10: =IFERROR(MODE(Q10:W10),"OFF") -> 0.375 | Y10: 0.375
A11: =VLOOKUP(B11,Masterlist!B:E,2,) -> 486891 | B11: Edamie Fajardo | C11: 0.375 | D11: OFF | E11: OFF | F11: 0.375 | G11: 0.375 | H11: 0.375 | I11: 0.375 | J11: 0.375 | K11: OFF | L11: OFF | M11: 0.375 | N11: 0.375 | O11: 0.375 | P11: 0.375 | Q11: 0.375 | R11: OFF | S11: OFF | T11: 0.375 | U11: 0.375 | V11: 0.375 | W11: 0.375 | X11: =IFERROR(MODE(Q11:W11),"OFF") -> 0.375 | Y11: 0.375
A12: =VLOOKUP(B12,Masterlist!B:E,2,) -> 486768 | B12: Francis Venise Armenton | C12: 0.375 | D12: OFF | E12: OFF | F12: 0.375 | G12: 0.375 | H12: 0.375 | I12: 0.375 | J12: 0.375 | K12: OFF | L12: OFF | M12: 0.375 | N12: 0.375 | O12: 0.375 | P12: 0.375 | Q12: 0.375 | R12: OFF | S12: OFF | T12: 0.375 | U12: 0.375 | V12: 0.375 | W12: 0.375 | X12: =IFERROR(MODE(Q12:W12),"OFF") -> 0.375 | Y12: 0.375
A13: =VLOOKUP(B13,Masterlist!B:E,2,) -> 501292 | B13: Mary Rose Alegre | C13: 0.375 | D13: OFF | E13: OFF | F13: 0.375 | G13: 0.375 | H13: 0.375 | I13: 0.375 | J13: 0.375 | K13: OFF | L13: OFF | M13: 0.375 | N13: 0.375 | O13: 0.375 | P13: 0.375 | Q13: 0.375 | R13: OFF | S13: OFF | T13: 0.375 | U13: 0.375 | V13: 0.375 | W13: 0.375 | X13: =IFERROR(MODE(Q13:W13),"OFF") -> 0.375 | Y13: 0.375
A14: =VLOOKUP(B14,Masterlist!B:E,2,) -> 501650 | B14: Regine Bajinting | C14: 0.375 | D14: OFF | E14: OFF | F14: 0.375 | G14: 0.375 | H14: 0.375 | I14: 0.375 | J14: 0.375 | K14: OFF | L14: OFF | M14: 0.375 | N14: 0.375 | O14: 0.375 | P14: 0.375 | Q14: 0.375 | R14: OFF | S14: OFF | T14: 0.375 | U14: 0.375 | V14: 0.375 | W14: 0.375 | X14: =IFERROR(MODE(Q14:W14),"OFF") -> 0.375 | Y14: 0.375
A15: =VLOOKUP(B15,Masterlist!B:E,2,) -> 264907 | B15: Lanie,Cabrera,Ramos | C15: 0.375 | D15: OFF | E15: OFF | F15: 0.375 | G15: 0.375 | H15: 0.375 | I15: 0.375 | J15: 0.375 | K15: OFF | L15: OFF | M15: 0.375 | N15: 0.375 | O15: 0.375 | P15: 0.375 | Q15: 0.375 | R15: OFF | S15: OFF | T15: 0.375 | U15: 0.375 | V15: 0.375 | W15: 0.375 | X15: =IFERROR(MODE(Q15:W15),"OFF") -> 0.375 | Y15: 0.375
A16: =VLOOKUP(B16,Masterlist!B:E,2,) -> 501297 | B16: Michael Jason Lencioco | C16: 0.375 | D16: OFF | E16: OFF | F16: 0.375 | G16: 0.375 | H16: 0.375 | I16: 0.375 | J16: 0.375 | K16: OFF | L16: OFF | M16: 0.375 | N16: 0.375 | O16: 0.375 | P16: 0.375 | Q16: 0.375 | R16: OFF | S16: OFF | T16: 0.375 | U16: 0.375 | V16: 0.375 | W16: 0.375 | X16: =IFERROR(MODE(Q16:W16),"OFF") -> 0.375 | Y16: 0.375
A17: =VLOOKUP(B17,Masterlist!B:E,2,) -> 501651 | B17: Leah May Baron | C17: 0.375 | D17: OFF | E17: OFF | F17: 0.375 | G17: 0.375 | H17: 0.375 | I17: 0.375 | J17: 0.375 | K17: OFF | L17: OFF | M17: 0.375 | N17: 0.375 | O17: 0.375 | P17: 0.375 | Q17: 0.375 | R17: OFF | S17: OFF | T17: 0.375 | U17: 0.375 | V17: 0.375 | W17: 0.375 | X17: =IFERROR(MODE(Q17:W17),"OFF") -> 0.375 | Y17: 0.375
A18: =VLOOKUP(B18,Masterlist!B:E,2,) -> 379708 | B18: Pressie Jean Costas | C18: 0.375 | D18: OFF | E18: OFF | F18: 0.375 | G18: 0.375 | H18: 0.375 | I18: 0.375 | J18: 0.375 | K18: OFF | L18: OFF | M18: 0.375 | N18: 0.375 | O18: 0.375 | P18: 0.375 | Q18: 0.375 | R18: OFF | S18: OFF | T18: 0.375 | U18: 0.375 | V18: 0.375 | W18: 0.375 | X18: =IFERROR(MODE(Q18:W18),"OFF") -> 0.375 | Y18: 0.375
A19: =VLOOKUP(B19,Masterlist!B:E,2,) -> 432336 | B19: Ladyvanessa Jalbuena | C19: 0.375 | D19: OFF | E19: OFF | F19: 0.375 | G19: 0.375 | H19: 0.375 | I19: 0.375 | J19: 0.375 | K19: OFF | L19: OFF | M19: 0.375 | N19: 0.375 | O19: 0.375 | P19: 0.375 | Q19: 0.375 | R19: OFF | S19: OFF | T19: 0.375 | U19: 0.375 | V19: 0.375 | W19: 0.375 | X19: =IFERROR(MODE(Q19:W19),"OFF") -> 0.375 | Y19: 0.375
A20: =VLOOKUP(B20,Masterlist!B:E,2,) -> 392978 | B20: Senemeah Pagsugiron | C20: 0.375 | D20: OFF | E20: OFF | F20: 0.375 | G20: 0.375 | H20: 0.375 | I20: 0.375 | J20: 0.375 | K20: OFF | L20: OFF | M20: 0.375 | N20: 0.375 | O20: 0.375 | P20: 0.375 | Q20: 0.375 | R20: OFF | S20: OFF | T20: 0.375 | U20: 0.375 | V20: 0.375 | W20: 0.375 | X20: =IFERROR(MODE(Q20:W20),"OFF") -> 0.375 | Y20: 0.375
A21: =VLOOKUP(B21,Masterlist!B:E,2,) -> 490833 | B21: Samfer Kim Ventura | C21: 0.375 | D21: OFF | E21: OFF | F21: 0.375 | G21: 0.375 | H21: 0.375 | I21: 0.375 | J21: 0.375 | K21: OFF | L21: OFF | M21: 0.375 | N21: 0.375 | O21: 0.375 | P21: 0.375 | Q21: 0.375 | R21: OFF | S21: OFF | T21: 0.375 | U21: 0.375 | V21: 0.375 | W21: 0.375 | X21: =IFERROR(MODE(Q21:W21),"OFF") -> 0.375 | Y21: 0.375
... A23: =VLOOKUP(B23,Masterlist!B:E,2,) -> 339582 | B23: Jason Jegonia | C23: 0.375 | D23: OFF | E23: OFF | F23: 0.375 | G23: 0.375 | H23: 0.375 | I23: 0.375 | J23: 0.375 | K23: OFF | L23: OFF | M23: 0.375 | N23: 0.375 | O23: 0.375 | P23: 0.375 | Q23: 0.375 | R23: OFF | S23: OFF | T23: 0.375 | U23: 0.375 | V23: 0.375 | W23: 0.375 | X23: =IFERROR(MODE(Q23:W23),"OFF") -> 0.375 | Y23: 0.375
A24: =VLOOKUP(B24,Masterlist!B:E,2,) -> 472371 | B24: Ariane Jane Mainar | C24: 0.375 | D24: 0.375 | E24: 0.375 | F24: 0.375 | G24: 0.375 | H24: OFF | I24: OFF | J24: 0.375 | K24: 0.375 | L24: 0.375 | M24: 0.375 | N24: 0.375 | O24: OFF | P24: OFF | Q24: 0.375 | R24: 0.375 | S24: 0.375 | T24: 0.375 | U24: 0.375 | V24: OFF | W24: OFF | X24: =IFERROR(MODE(J24:P24),"OFF") -> 0.375 | Y24: OFF
A25: =VLOOKUP(B25,Masterlist!B:E,2,) -> 487318 | B25: Shaun Mario Octaviano | C25: 0.375 | D25: 0.375 | E25: 0.375 | F25: 0.375 | G25: 0.375 | H25: OFF | I25: OFF | J25: 0.375 | K25: 0.375 | L25: 0.375 | M25: 0.375 | N25: 0.375 | O25: OFF | P25: OFF | Q25: 0.375 | R25: 0.375 | S25: 0.375 | T25: 0.375 | U25: 0.375 | V25: OFF | W25: OFF | X25: =IFERROR(MODE(J25:P25),"OFF") -> 0.375 | Y25: OFF
A26: =VLOOKUP(B26,Masterlist!B:E,2,) -> 509087 | B26: Clarisse Aujero | C26: 0.66666667 | D26: 0.66666667 | E26: OFF | F26: 0.66666667 | G26: 0.66666667 | H26: OFF | I26: 0.66666667 | J26: 0.66666667 | K26: 0.66666667 | L26: 0.66666667 | M26: 0.66666667 | N26: OFF | O26: OFF | P26: 0.66666667 | Q26: 0.66666667 | R26: 0.66666667 | S26: 0.66666667 | T26: 0.66666667 | U26: OFF | V26: OFF | W26: 0.66666667 | X26: =IFERROR(MODE(Q26:W26),"OFF") -> 0.66666667 | Y26: 0.58333333
A27: =VLOOKUP(B27,Masterlist!B:E,2,) -> 509096 | B27: Marck Lourence Racines | C27: 0.66666667 | D27: 0.66666667 | E27: OFF | F27: 0.66666667 | G27: 0.66666667 | H27: OFF | I27: 0.66666667 | J27: 0.66666667 | K27: 0.66666667 | L27: 0.66666667 | M27: 0.66666667 | N27: OFF | O27: OFF | P27: 0.66666667 | Q27: 0.66666667 | R27: 0.66666667 | S27: 0.66666667 | T27: 0.66666667 | U27: OFF | V27: OFF | W27: 0.66666667 | X27: =IFERROR(MODE(Q27:W27),"OFF") -> 0.66666667 | Y27: 0.58333333
A28: =VLOOKUP(B28,Masterlist!B:E,2,) -> 510345 | B28: Blossom Pearl Villorente | C28: 0.66666667 | D28: 0.66666667 | E28: 0.66666667 | F28: OFF | G28: OFF | H28: 0.66666667 | I28: 0.66666667 | J28: 0.66666667 | K28: 0.66666667 | L28: 0.66666667 | M28: OFF | N28: OFF | O28: 0.66666667 | P28: 0.66666667 | Q28: 0.66666667 | R28: 0.66666667 | S28: 0.66666667 | T28: OFF | U28: OFF | V28: 0.66666667 | W28: 0.66666667 | X28: =IFERROR(MODE(Q28:W28),"OFF") -> 0.66666667 | Y28: 0.58333333
A29: =VLOOKUP(B29,Masterlist!B:E,2,) -> 516493 | B29: Veneille Florence Siva | C29: 0.5 | D29: 0.5 | E29: OFF | F29: 0.5 | G29: 0.5 | H29: OFF | I29: 0.5 | J29: 0.5 | K29: 0.5 | L29: 0.5 | M29: 0.5 | N29: OFF | O29: OFF | P29: 0.5 | Q29: 0.5 | R29: 0.5 | S29: 0.5 | T29: 0.5 | U29: OFF | V29: OFF | W29: 0.5 | X29: =IFERROR(MODE(Q29:W29),"OFF") -> 0.5 | Y29: 0.5
A30: =VLOOKUP(B30,Masterlist!B:E,2,) -> 512673 | B30: Sheila Marie Casta | C30: 0.66666667 | D30: 0.66666667 | E30: OFF | F30: 0.66666667 | G30: 0.66666667 | H30: OFF | I30: 0.66666667 | J30: 0.66666667 | K30: 0.66666667 | L30: 0.66666667 | M30: 0.66666667 | N30: OFF | O30: OFF | P30: 0.66666667 | Q30: 0.66666667 | R30: 0.66666667 | S30: 0.66666667 | T30: 0.66666667 | U30: OFF | V30: OFF | W30: 0.66666667 | X30: =IFERROR(MODE(Q30:W30),"OFF") -> 0.66666667 | Y30: 0.58333333
A31: =VLOOKUP(B31,Masterlist!B:E,2,) -> 509708 | B31: Laurie Ann Billones | C31: 0.5 | D31: 0.5 | E31: OFF | F31: 0.5 | G31: 0.5 | H31: OFF | I31: 0.5 | J31: 0.5 | K31: 0.5 | L31: 0.5 | M31: 0.5 | N31: OFF | O31: OFF | P31: 0.5 | Q31: 0.5 | R31: 0.5 | S31: 0.5 | T31: 0.5 | U31: OFF | V31: OFF | W31: 0.5 | X31: =IFERROR(MODE(Q31:W31),"OFF") -> 0.5 | Y31: 0.5
A32: =VLOOKUP(B32,Masterlist!B:E,2,) -> 509378 | B32: Daisy Erlano | C32: 0.66666667 | D32: 0.66666667 | E32: OFF | F32: 0.66666667 | G32: 0.66666667 | H32: OFF | I32: 0.66666667 | J32: 0.66666667 | K32: 0.66666667 | L32: 0.66666667 | M32: 0.66666667 | N32: OFF | O32: OFF | P32: 0.66666667 | Q32: 0.66666667 | R32: 0.66666667 | S32: 0.66666667 | T32: 0.66666667 | U32: OFF | V32: OFF | W32: 0.66666667 | X32: =IFERROR(MODE(Q32:W32),"OFF") -> 0.66666667 | Y32: 0.58333333
A33: =VLOOKUP(B33,Masterlist!B:E,2,) -> 509525 | B33: Gicelle Dyan Carisma | C33: 0.66666667 | D33: 0.66666667 | E33: OFF | F33: 0.66666667 | G33: 0.66666667 | H33: OFF | I33: 0.66666667 | J33: 0.66666667 | K33: 0.66666667 | L33: 0.66666667 | M33: 0.66666667 | N33: OFF | O33: OFF | P33: 0.66666667 | Q33: 0.66666667 | R33: 0.66666667 | S33: 0.66666667 | T33: 0.66666667 | U33: OFF | V33: OFF | W33: 0.66666667 | X33: =IFERROR(MODE(Q33:W33),"OFF") -> 0.66666667 | Y33: 0.58333333
A34: =VLOOKUP(B34,Masterlist!B:E,2,) -> 512689 | B34: Floriden Aura Guino-o | C34: 0.5 | D34: 0.5 | E34: OFF | F34: 0.5 | G34: 0.5 | H34: OFF | I34: 0.5 | J34: 0.5 | K34: 0.5 | L34: 0.5 | M34: 0.5 | N34: OFF | O34: OFF | P34: 0.5 | Q34: 0.5 | R34: 0.5 | S34: 0.5 | T34: 0.5 | U34: OFF | V34: OFF | W34: 0.5 | X34: =IFERROR(MODE(Q34:W34),"OFF") -> 0.5 | Y34: 0.5
A35: =VLOOKUP(B35,Masterlist!B:E,2,) -> 512749 | B35: Medalyn Sealza | C35: 0.66666667 | D35: 0.66666667 | E35: OFF | F35: 0.66666667 | G35: 0.66666667 | H35: OFF | I35: 0.66666667 | J35: 0.66666667 | K35: 0.66666667 | L35: 0.66666667 | M35: 0.66666667 | N35: OFF | O35: OFF | P35: 0.66666667 | Q35: 0.66666667 | R35: 0.66666667 | S35: 0.66666667 | T35: 0.66666667 | U35: OFF | V35: OFF | W35: 0.66666667 | X35: =IFERROR(MODE(Q35:W35),"OFF") -> 0.66666667 | Y35: 0.58333333
A36: =VLOOKUP(B36,Masterlist!B:E,2,) -> 512732 | B36: April Grace Arrubio | C36: 0.66666667 | D36: 0.66666667 | E36: OFF | F36: 0.66666667 | G36: 0.66666667 | H36: OFF | I36: 0.66666667 | J36: 0.66666667 | K36: 0.66666667 | L36: 0.66666667 | M36: 0.66666667 | N36: OFF | O36: OFF | P36: 0.66666667 | Q36: 0.66666667 | R36: 0.66666667 | S36: 0.66666667 | T36: 0.66666667 | U36: OFF | V36: OFF | W36: 0.66666667 | X36: =IFERROR(MODE(Q36:W36),"OFF") -> 0.66666667 | Y36: 0.58333333
A37: =VLOOKUP(B37,Masterlist!B:E,2,) -> 516478 | B37: Amando Cadigal | C37: 0.5 | D37: 0.5 | E37: OFF | F37: 0.5 | G37: 0.5 | H37: OFF | I37: 0.5 | J37: 0.5 | K37: 0.5 | L37: 0.5 | M37: 0.5 | N37: OFF | O37: OFF | P37: 0.5 | Q37: 0.5 | R37: 0.5 | S37: 0.5 | T37: 0.5 | U37: OFF | V37: OFF | W37: 0.5 | X37: =IFERROR(MODE(Q37:W37),"OFF") -> 0.5 | Y37: 0.5
A38: =VLOOKUP(B38,Masterlist!B:E,2,) -> 516492 | B38: Winlord Christian Del Oeste | C38: 0.66666667 | D38: 0.66666667 | E38: OFF | F38: 0.66666667 | G38: 0.66666667 | H38: OFF | I38: 0.66666667 | J38: 0.66666667 | K38: 0.66666667 | L38: 0.66666667 | M38: 0.66666667 | N38: OFF | O38: OFF | P38: 0.66666667 | Q38: 0.66666667 | R38: 0.66666667 | S38: 0.66666667 | T38: 0.66666667 | U38: OFF | V38: OFF | W38: 0.66666667 | X38: =IFERROR(MODE(Q38:W38),"OFF") -> 0.66666667 | Y38: 0.58333333
A39: =VLOOKUP(B39,Masterlist!B:E,2,) -> 505816 | B39: Chzarl Mae Distajo | C39: 0.66666667 | D39: 0.66666667 | E39: OFF | F39: 0.66666667 | G39: 0.66666667 | H39: OFF | I39: 0.66666667 | J39: 0.66666667 | K39: 0.66666667 | L39: 0.66666667 | M39: 0.66666667 | N39: OFF | O39: OFF | P39: 0.66666667 | Q39: 0.66666667 | R39: 0.66666667 | S39: 0.66666667 | T39: 0.66666667 | U39: OFF | V39: OFF | W39: 0.66666667 | X39: =IFERROR(MODE(Q39:W39),"OFF") -> 0.66666667 | Y39: 0.58333333
A40: =VLOOKUP(B40,Masterlist!B:E,2,) -> 516334 | B40: Joanne Magampo | C40: 0.58333333 | D40: 0.58333333 | E40: 0.58333333 | F40: 0.58333333 | G40: 0.58333333 | H40: OFF | I40: OFF | J40: 0.58333333 | K40: 0.58333333 | L40: 0.58333333 | M40: 0.58333333 | N40: 0.58333333 | O40: OFF | P40: OFF | Q40: 0.58333333 | R40: 0.58333333 | S40: 0.58333333 | T40: 0.58333333 | U40: 0.58333333 | V40: OFF | W40: OFF | X40: =IFERROR(MODE(Q40:W40),"OFF") -> 0.58333333 | Y40: OFF
A41: =VLOOKUP(B41,Masterlist!B:E,2,) -> 516490 | B41: Shane Nicole Ladoing Provindido | C41: 0.58333333 | D41: 0.58333333 | E41: 0.58333333 | F41: 0.58333333 | G41: 0.58333333 | H41: OFF | I41: OFF | J41: 0.58333333 | K41: 0.58333333 | L41: 0.58333333 | M41: 0.58333333 | N41: 0.58333333 | O41: OFF | P41: OFF | Q41: 0.58333333 | R41: 0.58333333 | S41: 0.58333333 | T41: 0.58333333 | U41: 0.58333333 | V41: OFF | W41: OFF | X41: =IFERROR(MODE(Q41:W41),"OFF") -> 0.58333333 | Y41: OFF
A42: =VLOOKUP(B42,Masterlist!B:E,2,) -> 516119 | B42: Maricris Bensing Glimada | C42: 0.58333333 | D42: 0.58333333 | E42: 0.58333333 | F42: 0.58333333 | G42: 0.58333333 | H42: OFF | I42: OFF | J42: 0.58333333 | K42: 0.58333333 | L42: 0.58333333 | M42: 0.58333333 | N42: 0.58333333 | O42: OFF | P42: OFF | Q42: 0.58333333 | R42: 0.58333333 | S42: 0.58333333 | T42: 0.58333333 | U42: 0.58333333 | V42: OFF | W42: OFF | X42: =IFERROR(MODE(Q42:W42),"OFF") -> 0.58333333 | Y42: OFF
A43: =VLOOKUP(B43,Masterlist!B:E,2,) -> 516907 | B43: Rico Balgame | C43: 0.58333333 | D43: 0.58333333 | E43: 0.58333333 | F43: 0.58333333 | G43: 0.58333333 | H43: OFF | I43: OFF | J43: 0.58333333 | K43: 0.58333333 | L43: 0.58333333 | M43: 0.58333333 | N43: 0.58333333 | O43: OFF | P43: OFF | Q43: 0.58333333 | R43: 0.58333333 | S43: 0.58333333 | T43: 0.58333333 | U43: 0.58333333 | V43: OFF | W43: OFF | X43: =IFERROR(MODE(Q43:W43),"OFF") -> 0.58333333 | Y43: OFF
A44: =VLOOKUP(B44,Masterlist!B:E,2,) -> 516542 | B44: Blessy Gien Alba | C44: 0.58333333 | D44: 0.58333333 | E44: 0.58333333 | F44: 0.58333333 | G44: 0.58333333 | H44: OFF | I44: OFF | J44: 0.58333333 | K44: 0.58333333 | L44: 0.58333333 | M44: 0.58333333 | N44: 0.58333333 | O44: OFF | P44: OFF | Q44: 0.58333333 | R44: 0.58333333 | S44: 0.58333333 | T44: 0.58333333 | U44: 0.58333333 | V44: OFF | W44: OFF | X44: =IFERROR(MODE(Q44:W44),"OFF") -> 0.58333333 | Y44: OFF
A45: =VLOOKUP(B45,Masterlist!B:E,2,) -> 516909 | B45: John Piolo Dela Cruz | C45: 0.58333333 | D45: 0.58333333 | E45: 0.58333333 | F45: 0.58333333 | G45: 0.58333333 | H45: OFF | I45: OFF | J45: 0.58333333 | K45: 0.58333333 | L45: 0.58333333 | M45: 0.58333333 | N45: 0.58333333 | O45: OFF | P45: OFF | Q45: 0.58333333 | R45: 0.58333333 | S45: 0.58333333 | T45: 0.58333333 | U45: 0.58333333 | V45: OFF | W45: OFF | X45: =IFERROR(MODE(Q45:W45),"OFF") -> 0.58333333 | Y45: OFF
A46: =VLOOKUP(B46,Masterlist!B:E,2,) -> 512681 | B46: Andrea De Los Reyes | C46: 0.58333333 | D46: 0.58333333 | E46: 0.58333333 | F46: 0.58333333 | G46: 0.58333333 | H46: OFF | I46: OFF | J46: 0.58333333 | K46: 0.58333333 | L46: 0.58333333 | M46: 0.58333333 | N46: 0.58333333 | O46: OFF | P46: OFF | Q46: 0.58333333 | R46: 0.58333333 | S46: 0.58333333 | T46: 0.58333333 | U46: 0.58333333 | V46: OFF | W46: OFF | X46: =IFERROR(MODE(Q46:W46),"OFF") -> 0.58333333 | Y46: OFF
A47: =VLOOKUP(B47,Masterlist!B:E,2,) -> 512741 | B47: Lowella Jaruda | C47: 0.58333333 | D47: 0.58333333 | E47: 0.58333333 | F47: 0.58333333 | G47: 0.58333333 | H47: OFF | I47: OFF | J47: 0.58333333 | K47: 0.58333333 | L47: 0.58333333 | M47: 0.58333333 | N47: 0.58333333 | O47: OFF | P47: OFF | Q47: 0.58333333 | R47: 0.58333333 | S47: 0.58333333 | T47: 0.58333333 | U47: 0.58333333 | V47: OFF | W47: OFF | X47: =IFERROR(MODE(Q47:W47),"OFF") -> 0.58333333 | Y47: OFF
A48: =VLOOKUP(B48,Masterlist!B:E,2,) -> 512736 | B48: Danica Alarilla | C48: 0.58333333 | D48: 0.58333333 | E48: 0.58333333 | F48: 0.58333333 | G48: 0.58333333 | H48: OFF | I48: OFF | J48: 0.58333333 | K48: 0.58333333 | L48: 0.58333333 | M48: 0.58333333 | N48: 0.58333333 | O48: OFF | P48: OFF | Q48: 0.58333333 | R48: 0.58333333 | S48: 0.58333333 | T48: 0.58333333 | U48: 0.58333333 | V48: OFF | W48: OFF | X48: =IFERROR(MODE(Q48:W48),"OFF") -> 0.58333333 | Y48: OFF
A49: =VLOOKUP(B49,Masterlist!B:E,2,) -> 516243 | B49: John Mark Solis | C49: 0.58333333 | D49: 0.58333333 | E49: 0.58333333 | F49: 0.58333333 | G49: 0.58333333 | H49: OFF | I49: OFF | J49: 0.58333333 | K49: 0.58333333 | L49: 0.58333333 | M49: 0.58333333 | N49: 0.58333333 | O49: OFF | P49: OFF | Q49: 0.58333333 | R49: 0.58333333 | S49: 0.58333333 | T49: 0.58333333 | U49: 0.58333333 | V49: OFF | W49: OFF | X49: =IFERROR(MODE(Q49:W49),"OFF") -> 0.58333333 | Y49: OFF
A50: =VLOOKUP(B50,Masterlist!B:E,2,) -> 516328 | B50: Marjorie Estope | C50: 0.58333333 | D50: 0.58333333 | E50: 0.58333333 | F50: 0.58333333 | G50: 0.58333333 | H50: OFF | I50: OFF | J50: 0.58333333 | K50: 0.58333333 | L50: 0.58333333 | M50: 0.58333333 | N50: 0.58333333 | O50: OFF | P50: OFF | Q50: 0.58333333 | R50: 0.58333333 | S50: 0.58333333 | T50: 0.58333333 | U50: 0.58333333 | V50: OFF | W50: OFF | X50: =IFERROR(MODE(Q50:W50),"OFF") -> 0.58333333 | Y50: OFF
A51: =VLOOKUP(B51,Masterlist!B:E,2,) -> 516927 | B51: Daina May Salazar | C51: 0.875 | D51: 0.875 | E51: 0.875 | F51: OFF | G51: OFF | H51: 0.875 | I51: 0.875 | J51: 0.875 | K51: 0.875 | L51: 0.875 | M51: OFF | N51: OFF | O51: 0.875 | P51: 0.875 | Q51: 0.875 | R51: 0.875 | S51: 0.875 | T51: OFF | U51: OFF | V51: 0.875 | W51: 0.875 | X51: =IFERROR(MODE(Q51:W51),"OFF") -> 0.875 | Y51: 0.875
A52: =VLOOKUP(B52,Masterlist!B:E,2,) -> 512674 | B52: Ricky Labrada | C52: 0.875 | D52: 0.875 | E52: 0.875 | F52: OFF | G52: OFF | H52: 0.875 | I52: 0.875 | J52: 0.875 | K52: 0.875 | L52: 0.875 | M52: OFF | N52: OFF | O52: 0.875 | P52: 0.875 | Q52: 0.875 | R52: 0.875 | S52: 0.875 | T52: OFF | U52: OFF | V52: 0.875 | W52: 0.875 | X52: =IFERROR(MODE(Q52:W52),"OFF") -> 0.875 | Y52: 0.875
A53: =VLOOKUP(B53,Masterlist!B:E,2,) -> 501649 | B53: Erlyn Joy Claro | C53: 0.875 | D53: 0.875 | E53: OFF | F53: 0.875 | G53: 0.875 | H53: OFF | I53: 0.875 | J53: 0.875 | K53: 0.875 | L53: 0.875 | M53: 0.875 | N53: OFF | O53: OFF | P53: 0.875 | Q53: 0.875 | R53: 0.875 | S53: 0.875 | T53: 0.875 | U53: OFF | V53: OFF | W53: 0.875 | X53: =IFERROR(MODE(Q53:W53),"OFF") -> 0.875 | Y53: 0.875
A54: =VLOOKUP(B54,Masterlist!B:E,2,) -> 268764 | B54: Rhea Mae Fungot | C54: 0.875 | D54: OFF | E54: 0.875 | F54: 0.875 | G54: OFF | H54: 0.875 | I54: 0.875 | J54: 0.875 | K54: 0.875 | L54: 0.875 | M54: OFF | N54: OFF | O54: 0.875 | P54: 0.875 | Q54: 0.875 | R54: 0.875 | S54: 0.875 | T54: OFF | U54: OFF | V54: 0.875 | W54: 0.875 | X54: =IFERROR(MODE(Q54:W54),"OFF") -> 0.875 | Y54: 0.875
A55: =VLOOKUP(B55,Masterlist!B:E,2,) -> 351097 | B55: Anthony,Fernandez,Tabladillo | C55: 0.875 | D55: 0.875 | E55: 0.875 | F55: 0.875 | G55: OFF | H55: OFF | I55: 0.875 | J55: 0.875 | K55: 0.875 | L55: 0.875 | M55: 0.875 | N55: OFF | O55: OFF | P55: 0.875 | Q55: 0.875 | R55: 0.875 | S55: 0.875 | T55: 0.875 | U55: OFF | V55: OFF | W55: 0.875 | X55: =IFERROR(MODE(Q55:W55),"OFF") -> 0.875 | Y55: 0.875
A56: =VLOOKUP(B56,Masterlist!B:E,2,) -> 267728 | B56: May Catherine Anotado Gortayo | C56: 0.875 | D56: 0.875 | E56: 0.875 | F56: 0.875 | G56: OFF | H56: OFF | I56: 0.875 | J56: 0.875 | K56: 0.875 | L56: 0.875 | M56: 0.875 | N56: OFF | O56: OFF | P56: 0.875 | Q56: 0.875 | R56: 0.875 | S56: 0.875 | T56: 0.875 | U56: OFF | V56: OFF | W56: 0.875 | X56: =IFERROR(MODE(Q56:W56),"OFF") -> 0.875 | Y56: 0.875
A57: =VLOOKUP(B57,Masterlist!B:E,2,) -> 251152 | B57: Mae Ann Gito Garque | C57: OFF | D57: 0.875 | E57: 0.875 | F57: 0.875 | G57: 0.875 | H57: 0.875 | I57: OFF | J57: OFF | K57: 0.875 | L57: 0.875 | M57: 0.875 | N57: 0.875 | O57: 0.875 | P57: OFF | Q57: OFF | R57: 0.875 | S57: 0.875 | T57: 0.875 | U57: 0.875 | V57: 0.875 | W57: OFF | X57: =IFERROR(MODE(Q57:W57),"OFF") -> 0.875 | Y57: OFF
A58: =VLOOKUP(B58,Masterlist!B:E,2,) -> 268947 | B58: Noel Roman Delos Reyes | C58: 0.875 | D58: 0.875 | E58: 0.875 | F58: 0.875 | G58: 0.875 | H58: OFF | I58: OFF | J58: 0.875 | K58: 0.875 | L58: 0.875 | M58: 0.875 | N58: 0.875 | O58: OFF | P58: OFF | Q58: 0.875 | R58: 0.875 | S58: 0.875 | T58: 0.875 | U58: 0.875 | V58: OFF | W58: OFF | X58: =IFERROR(MODE(Q58:W58),"OFF") -> 0.875 | Y58: OFF
A59: =VLOOKUP(B59,Masterlist!B:E,2,) -> 509377 | B59: Josette Len Alde | C59: OFF | D59: OFF | E59: OFF | F59: OFF | G59: OFF | H59: OFF | I59: OFF | J59: OFF | K59: OFF | L59: OFF | M59: OFF | N59: OFF | O59: OFF | P59: OFF | Q59: OFF | R59: OFF | S59: OFF | T59: OFF | U59: OFF | V59: OFF | W59: OFF | X59: =IFERROR(MODE(Q59:W59),"OFF") -> OFF | Y59: OFF
A60: =VLOOKUP(B60,Masterlist!B:E,2,) -> 268750 | B60: Rovilou Bayog | C60: 0.875 | D60: 0.875 | E60: 0.875 | F60: 0.875 | G60: OFF | H60: OFF | I60: 0.875 | J60: 0.875 | K60: 0.875 | L60: 0.875 | M60: 0.875 | N60: OFF | O60: OFF | P60: 0.875 | Q60: 0.875 | R60: 0.875 | S60: 0.875 | T60: 0.875 | U60: OFF | V60: OFF | W60: 0.875 | X60: =IFERROR(MODE(Q60:W60),"OFF") -> 0.875 | Y60: 0.875
A61: =VLOOKUP(B61,Masterlist!B:E,2,) -> 304429 | B61: Judith Gardose | C61: 0.875 | D61: 0.875 | E61: 0.875 | F61: 0.875 | G61: 0.875 | H61: OFF | I61: OFF | J61: 0.875 | K61: 0.875 | L61: 0.875 | M61: 0.875 | N61: 0.875 | O61: OFF | P61: OFF | Q61: 0.875 | R61: 0.875 | S61: 0.875 | T61: 0.875 | U61: 0.875 | V61: OFF | W61: OFF | X61: =IFERROR(MODE(Q61:W61),"OFF") -> 0.875 | Y61: OFF
A62: =VLOOKUP(B62,Masterlist!B:E,2,) -> 303788 | B62: Edgardo Lacson | C62: OFF | D62: 0.875 | E62: 0.875 | F62: 0.875 | G62: 0.875 | H62: 0.875 | I62: OFF | J62: OFF | K62: 0.875 | L62: 0.875 | M62: 0.875 | N62: 0.875 | O62: 0.875 | P62: OFF | Q62: OFF | R62: 0.875 | S62: 0.875 | T62: 0.875 | U62: 0.875 | V62: 0.875 | W62: OFF | X62: =IFERROR(MODE(Q62:W62),"OFF") -> 0.875 | Y62: OFF
A63: =VLOOKUP(B63,Masterlist!B:E,2,) -> 260187 | B63: Anna Marie Acuesta | C63: 0.875 | D63: 0.875 | E63: 0.875 | F63: 0.875 | G63: OFF | H63: OFF | I63: 0.875 | J63: 0.875 | K63: 0.875 | L63: 0.875 | M63: 0.875 | N63: OFF | O63: OFF | P63: 0.875 | Q63: 0.875 | R63: 0.875 | S63: 0.875 | T63: 0.875 | U63: OFF | V63: OFF | W63: 0.875 | X63: =IFERROR(MODE(Q63:W63),"OFF") -> 0.875 | Y63: 0.875
A64: =VLOOKUP(B64,Masterlist!B:E,2,) -> 509095 | B64: Fevy Joy Legada | C64: OFF | D64: OFF | E64: OFF | F64: OFF | G64: OFF | H64: OFF | I64: OFF | J64: OFF | K64: OFF | L64: OFF | M64: OFF | N64: OFF | O64: OFF | P64: OFF | Q64: OFF | R64: OFF | S64: OFF | T64: OFF | U64: OFF | V64: OFF | W64: OFF | X64: =IFERROR(MODE(Q64:W64),"OFF") -> OFF | Y64: OFF
A65: =VLOOKUP(B65,Masterlist!B:E,2,) -> 516708 | B65: John Russel Alcon | C65: 0.875 | D65: 0.875 | E65: OFF | F65: OFF | G65: 0.875 | H65: 0.875 | I65: 0.875 | J65: 0.875 | K65: 0.875 | L65: OFF | M65: OFF | N65: 0.875 | O65: 0.875 | P65: 0.875 | Q65: 0.875 | R65: 0.875 | S65: OFF | T65: OFF | U65: 0.875 | V65: 0.875 | W65: 0.875 | X65: =IFERROR(MODE(Q65:W65),"OFF") -> 0.875 | Y65: 0.875
A66: =VLOOKUP(B66,Masterlist!B:E,2,) -> 513105 | B66: Cyro Babayen-on | C66: 0.875 | D66: 0.875 | E66: OFF | F66: OFF | G66: 0.875 | H66: 0.875 | I66: 0.875 | J66: 0.875 | K66: 0.875 | L66: OFF | M66: OFF | N66: 0.875 | O66: 0.875 | P66: 0.875 | Q66: 0.875 | R66: 0.875 | S66: OFF | T66: OFF | U66: 0.875 | V66: 0.875 | W66: 0.875 | X66: =IFERROR(MODE(Q66:W66),"OFF") -> 0.875 | Y66: 0.875
A67: =VLOOKUP(B67,Masterlist!B:E,2,) -> 505860 | B67: Kenneth Durban | C67: 0.875 | D67: 0.875 | E67: OFF | F67: OFF | G67: 0.875 | H67: 0.875 | I67: 0.875 | J67: 0.875 | K67: 0.875 | L67: OFF | M67: OFF | N67: 0.875 | O67: 0.875 | P67: 0.875 | Q67: 0.875 | R67: 0.875 | S67: OFF | T67: OFF | U67: 0.875 | V67: 0.875 | W67: 0.875 | X67: =IFERROR(MODE(Q67:W67),"OFF") -> 0.875 | Y67: 0.875
A76: Agents on RD | C76: =COUNTIF(C4:C64,"OFF") -> 4 | D76: =COUNTIF(D4:D64,"OFF") -> 23 | E76: =COUNTIF(E4:E64,"OFF") -> 36 | F76: =COUNTIF(F4:F64,"OFF") -> 5 | G76: =COUNTIF(G4:G64,"OFF") -> 10 | H76: =COUNTIF(H4:H64,"OFF") -> 35 | I76: =COUNTIF(I4:I64,"OFF") -> 19 | J76: =COUNTIF(J4:J64,"OFF") -> 4 | ... W76: =COUNTIF(W4:W64,"OFF") -> 19
A77: Agents on PTO | C77: =COUNTIF(C4:C74,"PTO") -> 0 | D77: =COUNTIF(D4:D74,"PTO") -> 0 | E77: =COUNTIF(E4:E74,"PTO") -> 0 | F77: =COUNTIF(F4:F74,"PTO") -> 0 | G77: =COUNTIF(G4:G74,"PTO") -> 0 | H77: =COUNTIF(H4:H74,"PTO") -> 0 | I77: =COUNTIF(I4:I74,"PTO") -> 0 | J77: =COUNTIF(J4:J74,"PTO") -> 0 | ... W77: =COUNTIF(W4:W74,"PTO") -> 0
A78: Agents on LOA | C78: =COUNTIF(C4:C52,"LOA") -> 0 | D78: =COUNTIF(D4:D52,"LOA") -> 0 | E78: =COUNTIF(E4:E52,"LOA") -> 0 | F78: =COUNTIF(F4:F52,"LOA") -> 0 | G78: =COUNTIF(G4:G52,"LOA") -> 0 | H78: =COUNTIF(H4:H52,"LOA") -> 0 | I78: =COUNTIF(I4:I52,"LOA") -> 0 | J78: =COUNTIF(J4:J52,"LOA") -> 0 | ... W78: =COUNTIF(W4:W52,"LOA") -> 0
A79: Agents Absent | C79: =COUNTIF(C4:C52,"A") -> 0 | D79: =COUNTIF(D4:D52,"A") -> 0 | E79: =COUNTIF(E4:E52,"A") -> 0 | F79: =COUNTIF(F4:F52,"A") -> 0 | G79: =COUNTIF(G4:G52,"A") -> 0 | H79: =COUNTIF(H4:H52,"A") -> 0 | I79: =COUNTIF(I4:I52,"A") -> 0 | J79: =COUNTIF(J4:J52,"A") -> 0 | ... W79: =COUNTIF(W4:W52,"A") -> 0
A80: Agents Scheduled | C80: =(61-C76-C77-C78-C79) -> 57 | D80: =(61-D76-D77-D78-D79) -> 38 | E80: =(61-E76-E77-E78-E79) -> 25 | F80: =(61-F76-F77-F78-F79) -> 56 | G80: =(61-G76-G77-G78-G79) -> 51 | H80: =(61-H76-H77-H78-H79) -> 26 | I80: =(61-I76-I77-I78-I79) -> 42 | J80: =(61-J76-J77-J78-J79) -> 57 | ... W80: =(61-W76-W77-W78-W79) -> 42
A81: Total FTE/Headcount | C81: =SUM(C76:C80) -> 61 | D81: =SUM(D76:D80) -> 61 | E81: =SUM(E76:E80) -> 61 | F81: =SUM(F76:F80) -> 61 | G81: =SUM(G76:G80) -> 61 | H81: =SUM(H76:H80) -> 61 | I81: =SUM(I76:I80) -> 61 | J81: =SUM(J76:J80) -> 61 | ... W81: =SUM(W76:W80) -> 61
A82: OT HOURS NEEDED | C82: =(COUNTIF(C4:C50,"OT"))*7.5+'Nesting Sched'!C55 -> 0 | D82: =(COUNTIF(D4:D50,"OT"))*7.5+'Nesting Sched'!D55 -> 0 | E82: =(COUNTIF(E4:E50,"OT"))*7.5+'Nesting Sched'!E55 -> 0 | F82: =(COUNTIF(F4:F50,"OT"))*7.5+'Nesting Sched'!F55 -> 0 | G82: =(COUNTIF(G4:G50,"OT"))*7.5+'Nesting Sched'!G55 -> 0 | H82: =(COUNTIF(H4:H50,"OT"))*7.5+'Nesting Sched'!H55 -> 0 | I82: =(COUNTIF(I4:I50,"OT"))*7.5+'Nesting Sched'!I55 -> 0 | J82: =(COUNTIF(J4:J50,"OT"))*7.5+'Nesting Sched'!J55 -> 0 | ... W82: =(COUNTIF(W4:W50,"OT"))*7.5+'Nesting Sched'!W55 -> 0
A83: VL Budget 6.5% | C83: =(C80+C77)*0.065 -> 3.705 | D83: =(D80+D77)*0.065 -> 2.47 | E83: =(E80+E77)*0.065 -> 1.625 | F83: =(F80+F77)*0.065 -> 3.64 | G83: =(G80+G77)*0.065 -> 3.315 | H83: =(H80+H77)*0.065 -> 1.69 | I83: =(I80+I77)*0.065 -> 2.73 | J83: =(J80+J77)*0.065 -> 3.705 | ... W83: =(W80+W77)*0.065 -> 2.73
A84: Available VL | C84: =IF(C83-C77<0,0,(C83-C77)) -> 3.705 | D84: =IF(D83-D77<0,0,(D83-D77)) -> 2.47 | E84: =IF(E83-E77<0,0,(E83-E77)) -> 1.625 | F84: =IF(F83-F77<0,0,(F83-F77)) -> 3.64 | G84: =IF(G83-G77<0,0,(G83-G77)) -> 3.315 | H84: =IF(H83-H77<0,0,(H83-H77)) -> 1.69 | I84: =IF(I83-I77<0,0,(I83-I77)) -> 2.73 | J84: =IF(J83-J77<0,0,(J83-J77)) -> 3.705 | ... W84: =IF(W83-W77<0,0,(W83-W77)) -> 2.73
A86: Schedule (MNL) | C86: =C1 -> WEEK BEGINNING 0427 | J86: =J1 -> WEEK BEGINNING 0504 | Q86: =Q1 -> WEEK BEGINNING 0511
A87: Agent Name | B87: Team Manager | C87: Mon | D87: Tue | E87: Wed | F87: Thu | G87: Fri | H87: Sat | I87: Sun | J87: Mon | K87: Tue | L87: Wed | M87: Thu | N87: Fri | O87: Sat | P87: Sun | Q87: Mon | R87: Tue | S87: Wed | T87: Thu | U87: Fri | V87: Sat | W87: Sun | X87: Agent Lookup
C88: =C3 -> 46139 | D88: =C88+1 -> 46140 | E88: =D88+1 -> 46141 | F88: =E88+1 -> 46142 | G88: =F88+1 -> 46143 | H88: =G88+1 -> 46144 | I88: =H88+1 -> 46145 | J88: =I88+1 -> 46146 | K88: =J88+1 -> 46147 | ... W88: =V88+1 -> 46159
A89: =IF(B4="","",B4) -> Ann Dominique Ilustre Abada | B89: =VLOOKUP(A89,Masterlist!B:D,3,) -> Emmanuel Alisbo | C89: =IFERROR(IF(C4 = "PTO", "PTO",C4+"12:00"),"OFF") -> 0.875 | D89: =IFERROR(IF(D4 = "PTO", "PTO",D4+"12:00"),"OFF") -> OFF | E89: =IFERROR(IF(E4 = "PTO", "PTO",E4+"12:00"),"OFF") -> OFF | F89: =IFERROR(IF(F4 = "PTO", "PTO",F4+"12:00"),"OFF") -> 0.875 | G89: =IFERROR(IF(G4 = "PTO", "PTO",G4+"12:00"),"OFF") -> 0.875 | H89: =IFERROR(IF(H4 = "PTO", "PTO",H4+"12:00"),"OFF") -> 0.875 | I89: =IFERROR(IF(I4 = "PTO", "PTO",I4+"12:00"),"OFF") -> 0.875 | J89: =IFERROR(IF(J4 = "PTO", "PTO",J4+"12:00"),"OFF") -> 0.875 | ... W89: =IFERROR(IF(W4 = "PTO", "PTO",W4+"12:00"),"OFF") -> 0.875 | X89: =IFERROR(MODE(Q89:W89),"-") -> 0.875
A90: =IF(B5="","",B5) -> Aya Banderado | B90: =VLOOKUP(A90,Masterlist!B:D,3,) -> Emmanuel Alisbo | C90: =IFERROR(IF(C5 = "PTO", "PTO",C5+"12:00"),"OFF") -> 0.875 | D90: =IFERROR(IF(D5 = "PTO", "PTO",D5+"12:00"),"OFF") -> OFF | E90: =IFERROR(IF(E5 = "PTO", "PTO",E5+"12:00"),"OFF") -> OFF | F90: =IFERROR(IF(F5 = "PTO", "PTO",F5+"12:00"),"OFF") -> 0.875 | G90: =IFERROR(IF(G5 = "PTO", "PTO",G5+"12:00"),"OFF") -> 0.875 | H90: =IFERROR(IF(H5 = "PTO", "PTO",H5+"12:00"),"OFF") -> 0.875 | I90: =IFERROR(IF(I5 = "PTO", "PTO",I5+"12:00"),"OFF") -> 0.875 | J90: =IFERROR(IF(J5 = "PTO", "PTO",J5+"12:00"),"OFF") -> 0.875 | ... W90: =IFERROR(IF(W5 = "PTO", "PTO",W5+"12:00"),"OFF") -> 0.875 | X90: =IFERROR(MODE(Q90:W90),"-") -> 0.875
A91: =IF(B6="","",B6) -> Edrine Aaron Verdejo | B91: =VLOOKUP(A91,Masterlist!B:D,3,) -> Emmanuel Alisbo | C91: =IFERROR(IF(C6 = "PTO", "PTO",C6+"12:00"),"OFF") -> 0.875 | D91: =IFERROR(IF(D6 = "PTO", "PTO",D6+"12:00"),"OFF") -> OFF | E91: =IFERROR(IF(E6 = "PTO", "PTO",E6+"12:00"),"OFF") -> OFF | F91: =IFERROR(IF(F6 = "PTO", "PTO",F6+"12:00"),"OFF") -> 0.875 | G91: =IFERROR(IF(G6 = "PTO", "PTO",G6+"12:00"),"OFF") -> 0.875 | H91: =IFERROR(IF(H6 = "PTO", "PTO",H6+"12:00"),"OFF") -> 0.875 | I91: =IFERROR(IF(I6 = "PTO", "PTO",I6+"12:00"),"OFF") -> 0.875 | J91: =IFERROR(IF(J6 = "PTO", "PTO",J6+"12:00"),"OFF") -> 0.875 | ... W91: =IFERROR(IF(W6 = "PTO", "PTO",W6+"12:00"),"OFF") -> 0.875 | X91: =IFERROR(MODE(Q91:W91),"-") -> 0.875
A92: =IF(B7="","",B7) -> Kent Gil | B92: =VLOOKUP(A92,Masterlist!B:D,3,) -> Emmanuel Alisbo | C92: =IFERROR(IF(C7 = "PTO", "PTO",C7+"12:00"),"OFF") -> 0.875 | D92: =IFERROR(IF(D7 = "PTO", "PTO",D7+"12:00"),"OFF") -> OFF | E92: =IFERROR(IF(E7 = "PTO", "PTO",E7+"12:00"),"OFF") -> OFF | F92: =IFERROR(IF(F7 = "PTO", "PTO",F7+"12:00"),"OFF") -> 0.875 | G92: =IFERROR(IF(G7 = "PTO", "PTO",G7+"12:00"),"OFF") -> 0.875 | H92: =IFERROR(IF(H7 = "PTO", "PTO",H7+"12:00"),"OFF") -> 0.875 | I92: =IFERROR(IF(I7 = "PTO", "PTO",I7+"12:00"),"OFF") -> 0.875 | J92: =IFERROR(IF(J7 = "PTO", "PTO",J7+"12:00"),"OFF") -> 0.875 | ... W92: =IFERROR(IF(W7 = "PTO", "PTO",W7+"12:00"),"OFF") -> 0.875 | X92: =IFERROR(MODE(Q92:W92),"-") -> 0.875
A93: =IF(B8="","",B8) -> Tim Justine Jover | B93: =VLOOKUP(A93,Masterlist!B:D,3,) -> Emmanuel Alisbo | C93: =IFERROR(IF(C8 = "PTO", "PTO",C8+"12:00"),"OFF") -> 0.875 | D93: =IFERROR(IF(D8 = "PTO", "PTO",D8+"12:00"),"OFF") -> OFF | E93: =IFERROR(IF(E8 = "PTO", "PTO",E8+"12:00"),"OFF") -> OFF | F93: =IFERROR(IF(F8 = "PTO", "PTO",F8+"12:00"),"OFF") -> 0.875 | G93: =IFERROR(IF(G8 = "PTO", "PTO",G8+"12:00"),"OFF") -> 0.875 | H93: =IFERROR(IF(H8 = "PTO", "PTO",H8+"12:00"),"OFF") -> 0.875 | I93: =IFERROR(IF(I8 = "PTO", "PTO",I8+"12:00"),"OFF") -> 0.875 | J93: =IFERROR(IF(J8 = "PTO", "PTO",J8+"12:00"),"OFF") -> 0.875 | ... W93: =IFERROR(IF(W8 = "PTO", "PTO",W8+"12:00"),"OFF") -> 0.875 | X93: =IFERROR(MODE(Q93:W93),"-") -> 0.875
A94: =IF(B9="","",B9) -> Allyzza Mae Ibañez | B94: =VLOOKUP(A94,Masterlist!B:D,3,) -> Emmanuel Alisbo | C94: =IFERROR(IF(C9 = "PTO", "PTO",C9+"12:00"),"OFF") -> 0.875 | D94: =IFERROR(IF(D9 = "PTO", "PTO",D9+"12:00"),"OFF") -> OFF | E94: =IFERROR(IF(E9 = "PTO", "PTO",E9+"12:00"),"OFF") -> OFF | F94: =IFERROR(IF(F9 = "PTO", "PTO",F9+"12:00"),"OFF") -> 0.875 | G94: =IFERROR(IF(G9 = "PTO", "PTO",G9+"12:00"),"OFF") -> 0.875 | H94: =IFERROR(IF(H9 = "PTO", "PTO",H9+"12:00"),"OFF") -> 0.875 | I94: =IFERROR(IF(I9 = "PTO", "PTO",I9+"12:00"),"OFF") -> 0.875 | J94: =IFERROR(IF(J9 = "PTO", "PTO",J9+"12:00"),"OFF") -> 0.875 | ... W94: =IFERROR(IF(W9 = "PTO", "PTO",W9+"12:00"),"OFF") -> 0.875 | X94: =IFERROR(MODE(Q94:W94),"-") -> 0.875
A95: =IF(B10="","",B10) -> John Paul Rando | B95: =VLOOKUP(A95,Masterlist!B:D,3,) -> Emmanuel Alisbo | C95: =IFERROR(IF(C10 = "PTO", "PTO",C10+"12:00"),"OFF") -> 0.875 | D95: =IFERROR(IF(D10 = "PTO", "PTO",D10+"12:00"),"OFF") -> OFF | E95: =IFERROR(IF(E10 = "PTO", "PTO",E10+"12:00"),"OFF") -> OFF | F95: =IFERROR(IF(F10 = "PTO", "PTO",F10+"12:00"),"OFF") -> 0.875 | G95: =IFERROR(IF(G10 = "PTO", "PTO",G10+"12:00"),"OFF") -> 0.875 | H95: =IFERROR(IF(H10 = "PTO", "PTO",H10+"12:00"),"OFF") -> 0.875 | I95: =IFERROR(IF(I10 = "PTO", "PTO",I10+"12:00"),"OFF") -> 0.875 | J95: =IFERROR(IF(J10 = "PTO", "PTO",J10+"12:00"),"OFF") -> 0.875 | ... W95: =IFERROR(IF(W10 = "PTO", "PTO",W10+"12:00"),"OFF") -> 0.875 | X95: =IFERROR(MODE(Q95:W95),"-") -> 0.875
A96: =IF(B11="","",B11) -> Edamie Fajardo | B96: =VLOOKUP(A96,Masterlist!B:D,3,) -> Emmanuel Alisbo | C96: =IFERROR(IF(C11 = "PTO", "PTO",C11+"12:00"),"OFF") -> 0.875 | D96: =IFERROR(IF(D11 = "PTO", "PTO",D11+"12:00"),"OFF") -> OFF | E96: =IFERROR(IF(E11 = "PTO", "PTO",E11+"12:00"),"OFF") -> OFF | F96: =IFERROR(IF(F11 = "PTO", "PTO",F11+"12:00"),"OFF") -> 0.875 | G96: =IFERROR(IF(G11 = "PTO", "PTO",G11+"12:00"),"OFF") -> 0.875 | H96: =IFERROR(IF(H11 = "PTO", "PTO",H11+"12:00"),"OFF") -> 0.875 | I96: =IFERROR(IF(I11 = "PTO", "PTO",I11+"12:00"),"OFF") -> 0.875 | J96: =IFERROR(IF(J11 = "PTO", "PTO",J11+"12:00"),"OFF") -> 0.875 | ... W96: =IFERROR(IF(W11 = "PTO", "PTO",W11+"12:00"),"OFF") -> 0.875 | X96: =IFERROR(MODE(Q96:W96),"-") -> 0.875
A97: =IF(B12="","",B12) -> Francis Venise Armenton | B97: =VLOOKUP(A97,Masterlist!B:D,3,) -> Emmanuel Alisbo | C97: =IFERROR(IF(C12 = "PTO", "PTO",C12+"12:00"),"OFF") -> 0.875 | D97: =IFERROR(IF(D12 = "PTO", "PTO",D12+"12:00"),"OFF") -> OFF | E97: =IFERROR(IF(E12 = "PTO", "PTO",E12+"12:00"),"OFF") -> OFF | F97: =IFERROR(IF(F12 = "PTO", "PTO",F12+"12:00"),"OFF") -> 0.875 | G97: =IFERROR(IF(G12 = "PTO", "PTO",G12+"12:00"),"OFF") -> 0.875 | H97: =IFERROR(IF(H12 = "PTO", "PTO",H12+"12:00"),"OFF") -> 0.875 | I97: =IFERROR(IF(I12 = "PTO", "PTO",I12+"12:00"),"OFF") -> 0.875 | J97: =IFERROR(IF(J12 = "PTO", "PTO",J12+"12:00"),"OFF") -> 0.875 | ... W97: =IFERROR(IF(W12 = "PTO", "PTO",W12+"12:00"),"OFF") -> 0.875 | X97: =IFERROR(MODE(Q97:W97),"-") -> 0.875
A98: =IF(B13="","",B13) -> Mary Rose Alegre | B98: =VLOOKUP(A98,Masterlist!B:D,3,) -> Emmanuel Alisbo | C98: =IFERROR(IF(C13 = "PTO", "PTO",C13+"12:00"),"OFF") -> 0.875 | D98: =IFERROR(IF(D13 = "PTO", "PTO",D13+"12:00"),"OFF") -> OFF | E98: =IFERROR(IF(E13 = "PTO", "PTO",E13+"12:00"),"OFF") -> OFF | F98: =IFERROR(IF(F13 = "PTO", "PTO",F13+"12:00"),"OFF") -> 0.875 | G98: =IFERROR(IF(G13 = "PTO", "PTO",G13+"12:00"),"OFF") -> 0.875 | H98: =IFERROR(IF(H13 = "PTO", "PTO",H13+"12:00"),"OFF") -> 0.875 | I98: =IFERROR(IF(I13 = "PTO", "PTO",I13+"12:00"),"OFF") -> 0.875 | J98: =IFERROR(IF(J13 = "PTO", "PTO",J13+"12:00"),"OFF") -> 0.875 | ... W98: =IFERROR(IF(W13 = "PTO", "PTO",W13+"12:00"),"OFF") -> 0.875 | X98: =IFERROR(MODE(Q98:W98),"-") -> 0.875
A99: =IF(B14="","",B14) -> Regine Bajinting | B99: =VLOOKUP(A99,Masterlist!B:D,3,) -> Emmanuel Alisbo | C99: =IFERROR(IF(C14 = "PTO", "PTO",C14+"12:00"),"OFF") -> 0.875 | D99: =IFERROR(IF(D14 = "PTO", "PTO",D14+"12:00"),"OFF") -> OFF | E99: =IFERROR(IF(E14 = "PTO", "PTO",E14+"12:00"),"OFF") -> OFF | F99: =IFERROR(IF(F14 = "PTO", "PTO",F14+"12:00"),"OFF") -> 0.875 | G99: =IFERROR(IF(G14 = "PTO", "PTO",G14+"12:00"),"OFF") -> 0.875 | H99: =IFERROR(IF(H14 = "PTO", "PTO",H14+"12:00"),"OFF") -> 0.875 | I99: =IFERROR(IF(I14 = "PTO", "PTO",I14+"12:00"),"OFF") -> 0.875 | J99: =IFERROR(IF(J14 = "PTO", "PTO",J14+"12:00"),"OFF") -> 0.875 | ... W99: =IFERROR(IF(W14 = "PTO", "PTO",W14+"12:00"),"OFF") -> 0.875 | X99: =IFERROR(MODE(Q99:W99),"-") -> 0.875
A100: =IF(B15="","",B15) -> Lanie,Cabrera,Ramos | B100: =VLOOKUP(A100,Masterlist!B:D,3,) -> Emmanuel Alisbo | C100: =IFERROR(IF(C15 = "PTO", "PTO",C15+"12:00"),"OFF") -> 0.875 | D100: =IFERROR(IF(D15 = "PTO", "PTO",D15+"12:00"),"OFF") -> OFF | E100: =IFERROR(IF(E15 = "PTO", "PTO",E15+"12:00"),"OFF") -> OFF | F100: =IFERROR(IF(F15 = "PTO", "PTO",F15+"12:00"),"OFF") -> 0.875 | G100: =IFERROR(IF(G15 = "PTO", "PTO",G15+"12:00"),"OFF") -> 0.875 | H100: =IFERROR(IF(H15 = "PTO", "PTO",H15+"12:00"),"OFF") -> 0.875 | I100: =IFERROR(IF(I15 = "PTO", "PTO",I15+"12:00"),"OFF") -> 0.875 | J100: =IFERROR(IF(J15 = "PTO", "PTO",J15+"12:00"),"OFF") -> 0.875 | ... W100: =IFERROR(IF(W15 = "PTO", "PTO",W15+"12:00"),"OFF") -> 0.875 | X100: =IFERROR(MODE(Q100:W100),"-") -> 0.875
... A110: =IF(B25="","",B25) -> Shaun Mario Octaviano | B110: =VLOOKUP(A110,Masterlist!B:D,3,) -> Edmark,Rimondo,Adorable | C110: =IFERROR(IF(C25 = "PTO", "PTO",C25+"12:00"),"OFF") -> 0.875 | D110: =IFERROR(IF(D25 = "PTO", "PTO",D25+"12:00"),"OFF") -> 0.875 | E110: =IFERROR(IF(E25 = "PTO", "PTO",E25+"12:00"),"OFF") -> 0.875 | F110: =IFERROR(IF(F25 = "PTO", "PTO",F25+"12:00"),"OFF") -> 0.875 | G110: =IFERROR(IF(G25 = "PTO", "PTO",G25+"12:00"),"OFF") -> 0.875 | H110: =IFERROR(IF(H25 = "PTO", "PTO",H25+"12:00"),"OFF") -> OFF | I110: =IFERROR(IF(I25 = "PTO", "PTO",I25+"12:00"),"OFF") -> OFF | J110: =IFERROR(IF(J25 = "PTO", "PTO",J25+"12:00"),"OFF") -> 0.875 | ... W110: =IFERROR(IF(W25 = "PTO", "PTO",W25+"12:00"),"OFF") -> OFF | X110: =IFERROR(MODE(Q110:W110),"-") -> 0.875
A111: =IF(B26="","",B26) -> Clarisse Aujero | B111: =VLOOKUP(A111,Masterlist!B:D,3,) -> Edmark,Rimondo,Adorable | C111: =IFERROR(IF(Y26 = "PTO", "PTO",Y26+"12:00"),"OFF") -> 1.0833333 | D111: =IFERROR(IF(C26 = "PTO", "PTO",C26+"12:00"),"OFF") -> 1.1666667 | E111: =IFERROR(IF(D26 = "PTO", "PTO",D26+"12:00"),"OFF") -> 1.1666667 | F111: =IFERROR(IF(E26 = "PTO", "PTO",E26+"12:00"),"OFF") -> OFF | G111: =IFERROR(IF(F26 = "PTO", "PTO",F26+"12:00"),"OFF") -> 1.1666667 | H111: =IFERROR(IF(G26 = "PTO", "PTO",G26+"12:00"),"OFF") -> 1.1666667 | I111: =IFERROR(IF(H26 = "PTO", "PTO",H26+"12:00"),"OFF") -> OFF | J111: =IFERROR(IF(I26 = "PTO", "PTO",I26+"12:00"),"OFF") -> 1.1666667 | K111: =IFERROR(IF(J26 = "PTO", "PTO",J26+"12:00"),"OFF") -> 1.1666667 | ... W111: =IFERROR(IF(V26 = "PTO", "PTO",V26+"12:00"),"OFF") -> OFF | X111: =IFERROR(MODE(Q111:W111),"-") -> 1.1666667
A112: =IF(B27="","",B27) -> Marck Lourence Racines | B112: =VLOOKUP(A112,Masterlist!B:D,3,) -> Edmark,Rimondo,Adorable | C112: =IFERROR(IF(Y27 = "PTO", "PTO",Y27+"12:00"),"OFF") -> 1.0833333 | D112: =IFERROR(IF(C27 = "PTO", "PTO",C27+"12:00"),"OFF") -> 1.1666667 | E112: =IFERROR(IF(D27 = "PTO", "PTO",D27+"12:00"),"OFF") -> 1.1666667 | F112: =IFERROR(IF(E27 = "PTO", "PTO",E27+"12:00"),"OFF") -> OFF | G112: =IFERROR(IF(F27 = "PTO", "PTO",F27+"12:00"),"OFF") -> 1.1666667 | H112: =IFERROR(IF(G27 = "PTO", "PTO",G27+"12:00"),"OFF") -> 1.1666667 | I112: =IFERROR(IF(H27 = "PTO", "PTO",H27+"12:00"),"OFF") -> OFF | J112: =IFERROR(IF(I27 = "PTO", "PTO",I27+"12:00"),"OFF") -> 1.1666667 | K112: =IFERROR(IF(J27 = "PTO", "PTO",J27+"12:00"),"OFF") -> 1.1666667 | ... W112: =IFERROR(IF(V27 = "PTO", "PTO",V27+"12:00"),"OFF") -> OFF | X112: =IFERROR(MODE(Q112:W112),"-") -> 1.1666667
A113: =IF(B28="","",B28) -> Blossom Pearl Villorente | B113: =VLOOKUP(A113,Masterlist!B:D,3,) -> Edmark,Rimondo,Adorable | C113: =IFERROR(IF(Y28 = "PTO", "PTO",Y28+"12:00"),"OFF") -> 1.0833333 | D113: =IFERROR(IF(C28 = "PTO", "PTO",C28+"12:00"),"OFF") -> 1.1666667 | E113: =IFERROR(IF(D28 = "PTO", "PTO",D28+"12:00"),"OFF") -> 1.1666667 | F113: =IFERROR(IF(E28 = "PTO", "PTO",E28+"12:00"),"OFF") -> 1.1666667 | G113: =IFERROR(IF(F28 = "PTO", "PTO",F28+"12:00"),"OFF") -> OFF | H113: =IFERROR(IF(G28 = "PTO", "PTO",G28+"12:00"),"OFF") -> OFF | I113: =IFERROR(IF(H28 = "PTO", "PTO",H28+"12:00"),"OFF") -> 1.1666667 | J113: =IFERROR(IF(I28 = "PTO", "PTO",I28+"12:00"),"OFF") -> 1.1666667 | K113: =IFERROR(IF(J28 = "PTO", "PTO",J28+"12:00"),"OFF") -> 1.1666667 | ... W113: =IFERROR(IF(V28 = "PTO", "PTO",V28+"12:00"),"OFF") -> 1.1666667 | X113: =IFERROR(MODE(Q113:W113),"-") -> 1.1666667
A114: =IF(B29="","",B29) -> Veneille Florence Siva | B114: =VLOOKUP(A114,Masterlist!B:D,3,) -> Edmark,Rimondo,Adorable | C114: =IFERROR(IF(Y29 = "PTO", "PTO",Y29+"12:00"),"OFF") -> 1 | D114: =IFERROR(IF(C29 = "PTO", "PTO",C29+"12:00"),"OFF") -> 1 | E114: =IFERROR(IF(D29 = "PTO", "PTO",D29+"12:00"),"OFF") -> 1 | F114: =IFERROR(IF(E29 = "PTO", "PTO",E29+"12:00"),"OFF") -> OFF | G114: =IFERROR(IF(F29 = "PTO", "PTO",F29+"12:00"),"OFF") -> 1 | H114: =IFERROR(IF(G29 = "PTO", "PTO",G29+"12:00"),"OFF") -> 1 | I114: =IFERROR(IF(H29 = "PTO", "PTO",H29+"12:00"),"OFF") -> OFF | J114: =IFERROR(IF(I29 = "PTO", "PTO",I29+"12:00"),"OFF") -> 1 | K114: =IFERROR(IF(J29 = "PTO", "PTO",J29+"12:00"),"OFF") -> 1 | ... W114: =IFERROR(IF(V29 = "PTO", "PTO",V29+"12:00"),"OFF") -> OFF | X114: =IFERROR(MODE(Q114:W114),"-") -> 1
A115: =IF(B30="","",B30) -> Sheila Marie Casta | B115: =VLOOKUP(A115,Masterlist!B:D,3,) -> Edmark,Rimondo,Adorable | C115: =IFERROR(IF(Y30 = "PTO", "PTO",Y30+"12:00"),"OFF") -> 1.0833333 | D115: =IFERROR(IF(C30 = "PTO", "PTO",C30+"12:00"),"OFF") -> 1.1666667 | E115: =IFERROR(IF(D30 = "PTO", "PTO",D30+"12:00"),"OFF") -> 1.1666667 | F115: =IFERROR(IF(E30 = "PTO", "PTO",E30+"12:00"),"OFF") -> OFF | G115: =IFERROR(IF(F30 = "PTO", "PTO",F30+"12:00"),"OFF") -> 1.1666667 | H115: =IFERROR(IF(G30 = "PTO", "PTO",G30+"12:00"),"OFF") -> 1.1666667 | I115: =IFERROR(IF(H30 = "PTO", "PTO",H30+"12:00"),"OFF") -> OFF | J115: =IFERROR(IF(I30 = "PTO", "PTO",I30+"12:00"),"OFF") -> 1.1666667 | K115: =IFERROR(IF(J30 = "PTO", "PTO",J30+"12:00"),"OFF") -> 1.1666667 | ... W115: =IFERROR(IF(V30 = "PTO", "PTO",V30+"12:00"),"OFF") -> OFF | X115: =IFERROR(MODE(Q115:W115),"-") -> 1.1666667
A116: =IF(B31="","",B31) -> Laurie Ann Billones | B116: =VLOOKUP(A116,Masterlist!B:D,3,) -> Edmark,Rimondo,Adorable | C116: =IFERROR(IF(Y31 = "PTO", "PTO",Y31+"12:00"),"OFF") -> 1 | D116: =IFERROR(IF(C31 = "PTO", "PTO",C31+"12:00"),"OFF") -> 1 | E116: =IFERROR(IF(D31 = "PTO", "PTO",D31+"12:00"),"OFF") -> 1 | F116: =IFERROR(IF(E31 = "PTO", "PTO",E31+"12:00"),"OFF") -> OFF | G116: =IFERROR(IF(F31 = "PTO", "PTO",F31+"12:00"),"OFF") -> 1 | H116: =IFERROR(IF(G31 = "PTO", "PTO",G31+"12:00"),"OFF") -> 1 | I116: =IFERROR(IF(H31 = "PTO", "PTO",H31+"12:00"),"OFF") -> OFF | J116: =IFERROR(IF(I31 = "PTO", "PTO",I31+"12:00"),"OFF") -> 1 | K116: =IFERROR(IF(J31 = "PTO", "PTO",J31+"12:00"),"OFF") -> 1 | ... W116: =IFERROR(IF(V31 = "PTO", "PTO",V31+"12:00"),"OFF") -> OFF | X116: =IFERROR(MODE(Q116:W116),"-") -> 1
A117: =IF(B32="","",B32) -> Daisy Erlano | B117: =VLOOKUP(A117,Masterlist!B:D,3,) -> Edmark,Rimondo,Adorable | C117: =IFERROR(IF(Y32 = "PTO", "PTO",Y32+"12:00"),"OFF") -> 1.0833333 | D117: =IFERROR(IF(C32 = "PTO", "PTO",C32+"12:00"),"OFF") -> 1.1666667 | E117: =IFERROR(IF(D32 = "PTO", "PTO",D32+"12:00"),"OFF") -> 1.1666667 | F117: =IFERROR(IF(E32 = "PTO", "PTO",E32+"12:00"),"OFF") -> OFF | G117: =IFERROR(IF(F32 = "PTO", "PTO",F32+"12:00"),"OFF") -> 1.1666667 | H117: =IFERROR(IF(G32 = "PTO", "PTO",G32+"12:00"),"OFF") -> 1.1666667 | I117: =IFERROR(IF(H32 = "PTO", "PTO",H32+"12:00"),"OFF") -> OFF | J117: =IFERROR(IF(I32 = "PTO", "PTO",I32+"12:00"),"OFF") -> 1.1666667 | K117: =IFERROR(IF(J32 = "PTO", "PTO",J32+"12:00"),"OFF") -> 1.1666667 | ... W117: =IFERROR(IF(V32 = "PTO", "PTO",V32+"12:00"),"OFF") -> OFF | X117: =IFERROR(MODE(Q117:W117),"-") -> 1.1666667
A118: =IF(B33="","",B33) -> Gicelle Dyan Carisma | B118: =VLOOKUP(A118,Masterlist!B:D,3,) -> Edmark,Rimondo,Adorable | C118: =IFERROR(IF(Y33 = "PTO", "PTO",Y33+"12:00"),"OFF") -> 1.0833333 | D118: =IFERROR(IF(C33 = "PTO", "PTO",C33+"12:00"),"OFF") -> 1.1666667 | E118: =IFERROR(IF(D33 = "PTO", "PTO",D33+"12:00"),"OFF") -> 1.1666667 | F118: =IFERROR(IF(E33 = "PTO", "PTO",E33+"12:00"),"OFF") -> OFF | G118: =IFERROR(IF(F33 = "PTO", "PTO",F33+"12:00"),"OFF") -> 1.1666667 | H118: =IFERROR(IF(G33 = "PTO", "PTO",G33+"12:00"),"OFF") -> 1.1666667 | I118: =IFERROR(IF(H33 = "PTO", "PTO",H33+"12:00"),"OFF") -> OFF | J118: =IFERROR(IF(I33 = "PTO", "PTO",I33+"12:00"),"OFF") -> 1.1666667 | K118: =IFERROR(IF(J33 = "PTO", "PTO",J33+"12:00"),"OFF") -> 1.1666667 | ... W118: =IFERROR(IF(V33 = "PTO", "PTO",V33+"12:00"),"OFF") -> OFF | X118: =IFERROR(MODE(Q118:W118),"-") -> 1.1666667
A119: =IF(B34="","",B34) -> Floriden Aura Guino-o | B119: =VLOOKUP(A119,Masterlist!B:D,3,) -> Edmark,Rimondo,Adorable | C119: =IFERROR(IF(Y34 = "PTO", "PTO",Y34+"12:00"),"OFF") -> 1 | D119: =IFERROR(IF(C34 = "PTO", "PTO",C34+"12:00"),"OFF") -> 1 | E119: =IFERROR(IF(D34 = "PTO", "PTO",D34+"12:00"),"OFF") -> 1 | F119: =IFERROR(IF(E34 = "PTO", "PTO",E34+"12:00"),"OFF") -> OFF | G119: =IFERROR(IF(F34 = "PTO", "PTO",F34+"12:00"),"OFF") -> 1 | H119: =IFERROR(IF(G34 = "PTO", "PTO",G34+"12:00"),"OFF") -> 1 | I119: =IFERROR(IF(H34 = "PTO", "PTO",H34+"12:00"),"OFF") -> OFF | J119: =IFERROR(IF(I34 = "PTO", "PTO",I34+"12:00"),"OFF") -> 1 | K119: =IFERROR(IF(J34 = "PTO", "PTO",J34+"12:00"),"OFF") -> 1 | ... W119: =IFERROR(IF(V34 = "PTO", "PTO",V34+"12:00"),"OFF") -> OFF | X119: =IFERROR(MODE(Q119:W119),"-") -> 1
...

Sheet Nesting Sched
A1: Schedule (EST) | C1: ='Agent Sched'!C1:I1 -> WEEK BEGINNING 0427 | J1: ='Agent Sched'!J1:P1 -> WEEK BEGINNING 0504 | Q1: ='Agent Sched'!Q1:W1 -> WEEK BEGINNING 0511 | Y1: Prev Sun
A2: Agent Lookup | B2: Agent Name | C2: Mon | D2: Tue | E2: Wed | F2: Thu | G2: Fri | H2: Sat | I2: Sun | J2: Mon | K2: Tue | L2: Wed | M2: Thu | N2: Fri | O2: Sat | P2: Sun | Q2: Mon | R2: Tue | S2: Wed | T2: Thu | U2: Fri | V2: Sat | W2: Sun | X2: Shift | Y2: Sun
C3: ='Agent Sched'!C3 -> 46139 | D3: =C3+1 -> 46140 | E3: =D3+1 -> 46141 | F3: =E3+1 -> 46142 | G3: =F3+1 -> 46143 | H3: =G3+1 -> 46144 | I3: =H3+1 -> 46145 | J3: =I3+1 -> 46146 | K3: =J3+1 -> 46147 | ... W3: =V3+1 -> 46159 | Y3: =C3-1 -> 46138 | AB3: 0.625 | AC3: =COUNTIF(X:X,AB3) -> 0
A4: =VLOOKUP(B4,Masterlist!B:D,2,) -> 524596 | B4: Jave Lowelle Valiente Gayangos | C4: 0.58333333 | D4: OFF | E4: 0.58333333 | F4: 0.58333333 | G4: 0.58333333 | H4: OFF | I4: 0.58333333 | J4: 0.58333333 | K4: 0.58333333 | L4: 0.58333333 | M4: 0.58333333 | N4: OFF | O4: OFF | P4: 0.58333333 | Q4: 0.58333333 | R4: 0.58333333 | S4: 0.58333333 | T4: 0.58333333 | U4: OFF | V4: OFF | W4: 0.58333333 | X4: =MODE(Q4:W4) -> 0.58333333 | Y4: 0.58333333
A5: =VLOOKUP(B5,Masterlist!B:D,2,) -> 524598 | B5: Nicka Mae De Los Reyes Porras | C5: 0.58333333 | D5: OFF | E5: 0.58333333 | F5: 0.58333333 | G5: 0.58333333 | H5: OFF | I5: 0.58333333 | J5: 0.58333333 | K5: 0.58333333 | L5: 0.58333333 | M5: 0.58333333 | N5: OFF | O5: OFF | P5: 0.58333333 | Q5: 0.58333333 | R5: 0.58333333 | S5: 0.58333333 | T5: 0.58333333 | U5: OFF | V5: OFF | W5: 0.58333333 | X5: =MODE(Q5:W5) -> 0.58333333 | Y5: 0.58333333
A6: =VLOOKUP(B6,Masterlist!B:D,2,) -> 524599 | B6: Roxan Sabido Sacay | C6: OFF | D6: OFF | E6: OFF | F6: OFF | G6: OFF | H6: OFF | I6: OFF | J6: OFF | K6: OFF | L6: OFF | M6: OFF | N6: OFF | O6: OFF | P6: OFF | Q6: OFF | R6: OFF | S6: OFF | T6: OFF | U6: OFF | V6: OFF | W6: OFF | X6: =MODE(Q6:W6) -> #N/A | Y6: OFF
A7: =VLOOKUP(B7,Masterlist!B:D,2,) -> 524593 | B7: Mikhaela Palma Detera | C7: 0.58333333 | D7: OFF | E7: 0.58333333 | F7: 0.58333333 | G7: 0.58333333 | H7: OFF | I7: 0.58333333 | J7: 0.58333333 | K7: 0.58333333 | L7: 0.58333333 | M7: 0.58333333 | N7: OFF | O7: OFF | P7: 0.58333333 | Q7: 0.58333333 | R7: 0.58333333 | S7: 0.58333333 | T7: 0.58333333 | U7: OFF | V7: OFF | W7: 0.58333333 | X7: =MODE(Q7:W7) -> 0.58333333 | Y7: 0.58333333
A8: =VLOOKUP(B8,Masterlist!B:D,2,) -> 524591 | B8: Jenel Prieto Advincula | C8: 0.58333333 | D8: OFF | E8: 0.58333333 | F8: 0.58333333 | G8: 0.58333333 | H8: OFF | I8: 0.58333333 | J8: 0.58333333 | K8: 0.58333333 | L8: 0.58333333 | M8: 0.58333333 | N8: OFF | O8: OFF | P8: 0.58333333 | Q8: 0.58333333 | R8: 0.58333333 | S8: 0.58333333 | T8: 0.58333333 | U8: OFF | V8: OFF | W8: 0.58333333 | X8: =MODE(Q8:W8) -> 0.58333333 | Y8: 0.58333333
A9: =VLOOKUP(B9,Masterlist!B:D,2,) -> 524600 | B9: John Federico Alfonso Tribunal Teruel | C9: 0.58333333 | D9: OFF | E9: 0.58333333 | F9: 0.58333333 | G9: 0.58333333 | H9: OFF | I9: 0.58333333 | J9: 0.58333333 | K9: 0.58333333 | L9: 0.58333333 | M9: 0.58333333 | N9: OFF | O9: OFF | P9: 0.58333333 | Q9: 0.58333333 | R9: 0.58333333 | S9: 0.58333333 | T9: 0.58333333 | U9: OFF | V9: OFF | W9: 0.58333333 | X9: =MODE(Q9:W9) -> 0.58333333 | Y9: 0.58333333
A10: =VLOOKUP(B10,Masterlist!B:D,2,) -> 524597 | B10: Jevel Von Bance Grate | C10: 0.58333333 | D10: OFF | E10: 0.58333333 | F10: 0.58333333 | G10: 0.58333333 | H10: OFF | I10: 0.58333333 | J10: 0.58333333 | K10: 0.58333333 | L10: 0.58333333 | M10: 0.58333333 | N10: OFF | O10: OFF | P10: 0.58333333 | Q10: 0.58333333 | R10: 0.58333333 | S10: 0.58333333 | T10: 0.58333333 | U10: OFF | V10: OFF | W10: 0.58333333 | X10: =MODE(Q10:W10) -> 0.58333333 | Y10: 0.58333333
A11: =VLOOKUP(B11,Masterlist!B:D,2,) -> 524595 | B11: Maxine Pabillo Duenas | C11: 0.58333333 | D11: OFF | E11: 0.58333333 | F11: 0.58333333 | G11: 0.58333333 | H11: OFF | I11: 0.58333333 | J11: 0.58333333 | K11: 0.58333333 | L11: 0.58333333 | M11: 0.58333333 | N11: OFF | O11: OFF | P11: 0.58333333 | Q11: 0.58333333 | R11: 0.58333333 | S11: 0.58333333 | T11: 0.58333333 | U11: OFF | V11: OFF | W11: 0.58333333 | X11: =MODE(Q11:W11) -> 0.58333333 | Y11: 0.58333333
A12: =VLOOKUP(B12,Masterlist!B:D,2,) -> 524594 | B12: Sittie Sufiyah Macaumbang Dimaampao | C12: 0.58333333 | D12: OFF | E12: 0.58333333 | F12: 0.58333333 | G12: 0.58333333 | H12: OFF | I12: 0.58333333 | J12: 0.58333333 | K12: 0.58333333 | L12: 0.58333333 | M12: 0.58333333 | N12: OFF | O12: OFF | P12: 0.58333333 | Q12: 0.58333333 | R12: 0.58333333 | S12: 0.58333333 | T12: 0.58333333 | U12: OFF | V12: OFF | W12: 0.58333333 | X12: =MODE(Q12:W12) -> 0.58333333 | Y12: 0.58333333
A13: =VLOOKUP(B13,Masterlist!B:D,2,) -> 524592 | B13: Ana Marie Albao | C13: 0.58333333 | D13: OFF | E13: 0.58333333 | F13: 0.58333333 | G13: 0.58333333 | H13: OFF | I13: 0.58333333 | J13: 0.58333333 | K13: 0.58333333 | L13: 0.58333333 | M13: 0.58333333 | N13: OFF | O13: OFF | P13: 0.58333333 | Q13: 0.58333333 | R13: 0.58333333 | S13: 0.58333333 | T13: 0.58333333 | U13: OFF | V13: OFF | W13: 0.58333333 | X13: =MODE(Q13:W13) -> 0.58333333 | Y13: 0.58333333
A62: Agents on RD | C62: =COUNTIF(C4:C54,"OFF") -> 1 | D62: =COUNTIF(D4:D54,"OFF") -> 10 | E62: =COUNTIF(E4:E54,"OFF") -> 1 | F62: =COUNTIF(F4:F54,"OFF") -> 1 | G62: =COUNTIF(G4:G54,"OFF") -> 1 | H62: =COUNTIF(H4:H54,"OFF") -> 10 | I62: =COUNTIF(I4:I54,"OFF") -> 1 | J62: =COUNTIF(J4:J54,"OFF") -> 1 | ... W62: =COUNTIF(W4:W54,"OFF") -> 1
A63: Agents on PTO | C63: =COUNTIF(C4:C61,"PTO") -> 0 | D63: =COUNTIF(D4:D61,"PTO") -> 0 | E63: =COUNTIF(E4:E61,"PTO") -> 0 | F63: =COUNTIF(F4:F61,"PTO") -> 0 | G63: =COUNTIF(G4:G61,"PTO") -> 0 | H63: =COUNTIF(H4:H61,"PTO") -> 0 | I63: =COUNTIF(I4:I61,"PTO") -> 0 | J63: =COUNTIF(J4:J61,"PTO") -> 0 | ... W63: =COUNTIF(W4:W61,"PTO") -> 0
A64: Agents on LOA | C64: =COUNTIF(C4:C61,"LOA") -> 0 | D64: =COUNTIF(D4:D61,"LOA") -> 0 | E64: =COUNTIF(E4:E61,"LOA") -> 0 | F64: =COUNTIF(F4:F61,"LOA") -> 0 | G64: =COUNTIF(G4:G61,"LOA") -> 0 | H64: =COUNTIF(H4:H61,"LOA") -> 0 | I64: =COUNTIF(I4:I61,"LOA") -> 0 | J64: =COUNTIF(J4:J61,"LOA") -> 0 | ... W64: =COUNTIF(W4:W61,"LOA") -> 0
A65: Agents Absent | C65: =COUNTIF(C4:C61,"A") -> 0 | D65: =COUNTIF(D4:D61,"A") -> 0 | E65: =COUNTIF(E4:E61,"A") -> 0 | F65: =COUNTIF(F4:F61,"A") -> 0 | G65: =COUNTIF(G4:G61,"A") -> 0 | H65: =COUNTIF(H4:H61,"A") -> 0 | I65: =COUNTIF(I4:I61,"A") -> 0 | J65: =COUNTIF(J4:J61,"A") -> 0 | ... W65: =COUNTIF(W4:W61,"A") -> 0
A66: Agents Scheduled | C66: =30-C62-C63-C64-C65 -> 29 | D66: =30-D62-D63-D64-D65 -> 20 | E66: =30-E62-E63-E64-E65 -> 29 | F66: =30-F62-F63-F64-F65 -> 29 | G66: =30-G62-G63-G64-G65 -> 29 | H66: =30-H62-H63-H64-H65 -> 20 | I66: =30-I62-I63-I64-I65 -> 29 | J66: =30-J62-J63-J64-J65 -> 29 | ... W66: =30-W62-W63-W64-W65 -> 29
A67: Total FTE/Headcount | C67: =SUM(C62:C66) -> 30 | D67: =SUM(D62:D66) -> 30 | E67: =SUM(E62:E66) -> 30 | F67: =SUM(F62:F66) -> 30 | G67: =SUM(G62:G66) -> 30 | H67: =SUM(H62:H66) -> 30 | I67: =SUM(I62:I66) -> 30 | J67: =SUM(J62:J66) -> 30 | ... W67: =SUM(W62:W66) -> 30
A68: OT NEEDED | C68: =COUNTIF(C4:C23,"OT")*7.5 -> 0 | D68: =COUNTIF(D4:D23,"OT")*7.5 -> 0 | E68: =COUNTIF(E4:E23,"OT")*7.5 -> 0 | F68: =COUNTIF(F4:F23,"OT")*7.5 -> 0 | G68: =COUNTIF(G4:G23,"OT")*7.5 -> 0 | H68: =COUNTIF(H4:H23,"OT")*7.5 -> 0 | I68: =COUNTIF(I4:I23,"OT")*7.5 -> 0 | J68: =COUNTIF(J4:J23,"OT")*7.5 -> 0 | ... W68: =COUNTIF(W4:W23,"OT")*7.5 -> 0
A71: Schedule (MNL) | C71: =C1 -> WEEK BEGINNING 0427 | J71: =J1 -> WEEK BEGINNING 0504 | Q71: =Q1 -> WEEK BEGINNING 0511
C72: Mon | D72: Tue | E72: Wed | F72: Thu | G72: Fri | H72: Sat | I72: Sun | J72: Mon | K72: Tue | L72: Wed | M72: Thu | N72: Fri | O72: Sat | P72: Sun | Q72: Mon | R72: Tue | S72: Wed | T72: Thu | U72: Fri | V72: Sat | W72: Sun
A73: Agent Lookup | B73: Agent Name | C73: =C3 -> 46139 | D73: =C73+1 -> 46140 | E73: =D73+1 -> 46141 | F73: =E73+1 -> 46142 | G73: =F73+1 -> 46143 | H73: =G73+1 -> 46144 | I73: =H73+1 -> 46145 | J73: =I73+1 -> 46146 | K73: =J73+1 -> 46147 | ... W73: =V73+1 -> 46159
A74: =B4 -> Jave Lowelle Valiente Gayangos | B74: =VLOOKUP(A74,Masterlist!B:D,3,) -> Jane Sairah Arac | C74: =IFERROR(IF(Y4= "PTO", "PTO",Y4+"12:00"),"OFF") -> 1.0833333 | D74: =IFERROR(IF(C4= "PTO", "PTO",C4+"12:00"),"OFF") -> 1.0833333 | E74: =IFERROR(IF(D4= "PTO", "PTO",D4+"12:00"),"OFF") -> OFF | F74: =IFERROR(IF(E4= "PTO", "PTO",E4+"12:00"),"OFF") -> 1.0833333 | G74: =IFERROR(IF(F4= "PTO", "PTO",F4+"12:00"),"OFF") -> 1.0833333 | H74: =IFERROR(IF(G4= "PTO", "PTO",G4+"12:00"),"OFF") -> 1.0833333 | I74: =IFERROR(IF(H4= "PTO", "PTO",H4+"12:00"),"OFF") -> OFF | J74: =IFERROR(IF(I4= "PTO", "PTO",I4+"12:00"),"OFF") -> 1.0833333 | K74: =IFERROR(IF(J4= "PTO", "PTO",J4+"12:00"),"OFF") -> 1.0833333 | ... W74: =IFERROR(IF(V4= "PTO", "PTO",V4+"12:00"),"OFF") -> OFF
A75: =B5 -> Nicka Mae De Los Reyes Porras | B75: =VLOOKUP(A75,Masterlist!B:D,3,) -> - | C75: =IFERROR(IF(Y5= "PTO", "PTO",Y5+"12:00"),"OFF") -> 1.0833333 | D75: =IFERROR(IF(C5= "PTO", "PTO",C5+"12:00"),"OFF") -> 1.0833333 | E75: =IFERROR(IF(D5= "PTO", "PTO",D5+"12:00"),"OFF") -> OFF | F75: =IFERROR(IF(E5= "PTO", "PTO",E5+"12:00"),"OFF") -> 1.0833333 | G75: =IFERROR(IF(F5= "PTO", "PTO",F5+"12:00"),"OFF") -> 1.0833333 | H75: =IFERROR(IF(G5= "PTO", "PTO",G5+"12:00"),"OFF") -> 1.0833333 | I75: =IFERROR(IF(H5= "PTO", "PTO",H5+"12:00"),"OFF") -> OFF | J75: =IFERROR(IF(I5= "PTO", "PTO",I5+"12:00"),"OFF") -> 1.0833333 | K75: =IFERROR(IF(J5= "PTO", "PTO",J5+"12:00"),"OFF") -> 1.0833333 | ... W75: =IFERROR(IF(V5= "PTO", "PTO",V5+"12:00"),"OFF") -> OFF
A76: =B6 -> Roxan Sabido Sacay | B76: =VLOOKUP(A76,Masterlist!B:D,3,) -> Jane Sairah Arac | C76: =IFERROR(IF(Y6= "PTO", "PTO",Y6+"12:00"),"OFF") -> OFF | D76: =IFERROR(IF(C6= "PTO", "PTO",C6+"12:00"),"OFF") -> OFF | E76: =IFERROR(IF(D6= "PTO", "PTO",D6+"12:00"),"OFF") -> OFF | F76: =IFERROR(IF(E6= "PTO", "PTO",E6+"12:00"),"OFF") -> OFF | G76: =IFERROR(IF(F6= "PTO", "PTO",F6+"12:00"),"OFF") -> OFF | H76: =IFERROR(IF(G6= "PTO", "PTO",G6+"12:00"),"OFF") -> OFF | I76: =IFERROR(IF(H6= "PTO", "PTO",H6+"12:00"),"OFF") -> OFF | J76: =IFERROR(IF(I6= "PTO", "PTO",I6+"12:00"),"OFF") -> OFF | K76: =IFERROR(IF(J6= "PTO", "PTO",J6+"12:00"),"OFF") -> OFF | ... W76: =IFERROR(IF(V6= "PTO", "PTO",V6+"12:00"),"OFF") -> OFF
A77: =B7 -> Mikhaela Palma Detera | B77: =VLOOKUP(A77,Masterlist!B:D,3,) -> Jane Sairah Arac | C77: =IFERROR(IF(Y7= "PTO", "PTO",Y7+"12:00"),"OFF") -> 1.0833333 | D77: =IFERROR(IF(C7= "PTO", "PTO",C7+"12:00"),"OFF") -> 1.0833333 | E77: =IFERROR(IF(D7= "PTO", "PTO",D7+"12:00"),"OFF") -> OFF | F77: =IFERROR(IF(E7= "PTO", "PTO",E7+"12:00"),"OFF") -> 1.0833333 | G77: =IFERROR(IF(F7= "PTO", "PTO",F7+"12:00"),"OFF") -> 1.0833333 | H77: =IFERROR(IF(G7= "PTO", "PTO",G7+"12:00"),"OFF") -> 1.0833333 | I77: =IFERROR(IF(H7= "PTO", "PTO",H7+"12:00"),"OFF") -> OFF | J77: =IFERROR(IF(I7= "PTO", "PTO",I7+"12:00"),"OFF") -> 1.0833333 | K77: =IFERROR(IF(J7= "PTO", "PTO",J7+"12:00"),"OFF") -> 1.0833333 | ... W77: =IFERROR(IF(V7= "PTO", "PTO",V7+"12:00"),"OFF") -> OFF
A78: =B8 -> Jenel Prieto Advincula | B78: =VLOOKUP(A78,Masterlist!B:D,3,) -> Jane Sairah Arac | C78: =IFERROR(IF(Y8= "PTO", "PTO",Y8+"12:00"),"OFF") -> 1.0833333 | D78: =IFERROR(IF(C8= "PTO", "PTO",C8+"12:00"),"OFF") -> 1.0833333 | E78: =IFERROR(IF(D8= "PTO", "PTO",D8+"12:00"),"OFF") -> OFF | F78: =IFERROR(IF(E8= "PTO", "PTO",E8+"12:00"),"OFF") -> 1.0833333 | G78: =IFERROR(IF(F8= "PTO", "PTO",F8+"12:00"),"OFF") -> 1.0833333 | H78: =IFERROR(IF(G8= "PTO", "PTO",G8+"12:00"),"OFF") -> 1.0833333 | I78: =IFERROR(IF(H8= "PTO", "PTO",H8+"12:00"),"OFF") -> OFF | J78: =IFERROR(IF(I8= "PTO", "PTO",I8+"12:00"),"OFF") -> 1.0833333 | K78: =IFERROR(IF(J8= "PTO", "PTO",J8+"12:00"),"OFF") -> 1.0833333 | ... W78: =IFERROR(IF(V8= "PTO", "PTO",V8+"12:00"),"OFF") -> OFF
A79: =B9 -> John Federico Alfonso Tribunal Teruel | B79: =VLOOKUP(A79,Masterlist!B:D,3,) -> Jane Sairah Arac | C79: =IFERROR(IF(Y9= "PTO", "PTO",Y9+"12:00"),"OFF") -> 1.0833333 | D79: =IFERROR(IF(C9= "PTO", "PTO",C9+"12:00"),"OFF") -> 1.0833333 | E79: =IFERROR(IF(D9= "PTO", "PTO",D9+"12:00"),"OFF") -> OFF | F79: =IFERROR(IF(E9= "PTO", "PTO",E9+"12:00"),"OFF") -> 1.0833333 | G79: =IFERROR(IF(F9= "PTO", "PTO",F9+"12:00"),"OFF") -> 1.0833333 | H79: =IFERROR(IF(G9= "PTO", "PTO",G9+"12:00"),"OFF") -> 1.0833333 | I79: =IFERROR(IF(H9= "PTO", "PTO",H9+"12:00"),"OFF") -> OFF | J79: =IFERROR(IF(I9= "PTO", "PTO",I9+"12:00"),"OFF") -> 1.0833333 | K79: =IFERROR(IF(J9= "PTO", "PTO",J9+"12:00"),"OFF") -> 1.0833333 | ... W79: =IFERROR(IF(V9= "PTO", "PTO",V9+"12:00"),"OFF") -> OFF
A80: =B10 -> Jevel Von Bance Grate | B80: =VLOOKUP(A80,Masterlist!B:D,3,) -> Jane Sairah Arac | C80: =IFERROR(IF(Y10= "PTO", "PTO",Y10+"12:00"),"OFF") -> 1.0833333 | D80: =IFERROR(IF(C10= "PTO", "PTO",C10+"12:00"),"OFF") -> 1.0833333 | E80: =IFERROR(IF(D10= "PTO", "PTO",D10+"12:00"),"OFF") -> OFF | F80: =IFERROR(IF(E10= "PTO", "PTO",E10+"12:00"),"OFF") -> 1.0833333 | G80: =IFERROR(IF(F10= "PTO", "PTO",F10+"12:00"),"OFF") -> 1.0833333 | H80: =IFERROR(IF(G10= "PTO", "PTO",G10+"12:00"),"OFF") -> 1.0833333 | I80: =IFERROR(IF(H10= "PTO", "PTO",H10+"12:00"),"OFF") -> OFF | J80: =IFERROR(IF(I10= "PTO", "PTO",I10+"12:00"),"OFF") -> 1.0833333 | K80: =IFERROR(IF(J10= "PTO", "PTO",J10+"12:00"),"OFF") -> 1.0833333 | ... W80: =IFERROR(IF(V10= "PTO", "PTO",V10+"12:00"),"OFF") -> OFF
A81: =B11 -> Maxine Pabillo Duenas | B81: =VLOOKUP(A81,Masterlist!B:D,3,) -> Jane Sairah Arac | C81: =IFERROR(IF(Y11= "PTO", "PTO",Y11+"12:00"),"OFF") -> 1.0833333 | D81: =IFERROR(IF(C11= "PTO", "PTO",C11+"12:00"),"OFF") -> 1.0833333 | E81: =IFERROR(IF(D11= "PTO", "PTO",D11+"12:00"),"OFF") -> OFF | F81: =IFERROR(IF(E11= "PTO", "PTO",E11+"12:00"),"OFF") -> 1.0833333 | G81: =IFERROR(IF(F11= "PTO", "PTO",F11+"12:00"),"OFF") -> 1.0833333 | H81: =IFERROR(IF(G11= "PTO", "PTO",G11+"12:00"),"OFF") -> 1.0833333 | I81: =IFERROR(IF(H11= "PTO", "PTO",H11+"12:00"),"OFF") -> OFF | J81: =IFERROR(IF(I11= "PTO", "PTO",I11+"12:00"),"OFF") -> 1.0833333 | K81: =IFERROR(IF(J11= "PTO", "PTO",J11+"12:00"),"OFF") -> 1.0833333 | ... W81: =IFERROR(IF(V11= "PTO", "PTO",V11+"12:00"),"OFF") -> OFF
A82: =B12 -> Sittie Sufiyah Macaumbang Dimaampao | B82: =VLOOKUP(A82,Masterlist!B:D,3,) -> Jane Sairah Arac | C82: =IFERROR(IF(Y12= "PTO", "PTO",Y12+"12:00"),"OFF") -> 1.0833333 | D82: =IFERROR(IF(C12= "PTO", "PTO",C12+"12:00"),"OFF") -> 1.0833333 | E82: =IFERROR(IF(D12= "PTO", "PTO",D12+"12:00"),"OFF") -> OFF | F82: =IFERROR(IF(E12= "PTO", "PTO",E12+"12:00"),"OFF") -> 1.0833333 | G82: =IFERROR(IF(F12= "PTO", "PTO",F12+"12:00"),"OFF") -> 1.0833333 | H82: =IFERROR(IF(G12= "PTO", "PTO",G12+"12:00"),"OFF") -> 1.0833333 | I82: =IFERROR(IF(H12= "PTO", "PTO",H12+"12:00"),"OFF") -> OFF | J82: =IFERROR(IF(I12= "PTO", "PTO",I12+"12:00"),"OFF") -> 1.0833333 | K82: =IFERROR(IF(J12= "PTO", "PTO",J12+"12:00"),"OFF") -> 1.0833333 | ... W82: =IFERROR(IF(V12= "PTO", "PTO",V12+"12:00"),"OFF") -> OFF
A83: =B13 -> Ana Marie Albao | B83: =VLOOKUP(A83,Masterlist!B:D,3,) -> - | C83: =IFERROR(IF(Y13= "PTO", "PTO",Y13+"12:00"),"OFF") -> 1.0833333 | D83: =IFERROR(IF(C13= "PTO", "PTO",C13+"12:00"),"OFF") -> 1.0833333 | E83: =IFERROR(IF(D13= "PTO", "PTO",D13+"12:00"),"OFF") -> OFF | F83: =IFERROR(IF(E13= "PTO", "PTO",E13+"12:00"),"OFF") -> 1.0833333 | G83: =IFERROR(IF(F13= "PTO", "PTO",F13+"12:00"),"OFF") -> 1.0833333 | H83: =IFERROR(IF(G13= "PTO", "PTO",G13+"12:00"),"OFF") -> 1.0833333 | I83: =IFERROR(IF(H13= "PTO", "PTO",H13+"12:00"),"OFF") -> OFF | J83: =IFERROR(IF(I13= "PTO", "PTO",I13+"12:00"),"OFF") -> 1.0833333 | K83: =IFERROR(IF(J13= "PTO", "PTO",J13+"12:00"),"OFF") -> 1.0833333 | ... W83: =IFERROR(IF(V13= "PTO", "PTO",V13+"12:00"),"OFF") -> OFF

Sheet Nesting Staffing
B1: WEEK 1 | T1: WEEK 2 | AI1: WEEK 3 | AX1: WNS Core Hours | BG1: WEEK 1 | BH1: WNS Additional Support | BU1: WEEK 1 | CB1: WEEK 2 | CI1: WEEK 3 | CS1: 6
A2: Agent Name | B2: Mon | C2: Mon | D2: Tue | E2: Tue | F2: Wed | G2: Wed | H2: Thur | I2: Thur | J2: Fri | K2: Fri | L2: Sat | M2: Sat | N2: Sun | O2: Sun | Q2: Prev Sun | R2: Prev Sun | T2: Mon | U2: Mon | V2: Tue | W2: Tue | X2: Wed | Y2: Wed | Z2: Thur | AA2: Thur | AB2: Fri | AC2: Fri | AD2: Sat | AE2: Sat | AF2: Sun | AG2: Sun | AI2: Mon | AJ2: Mon | AK2: Tue | AL2: Tue | AM2: Wed | AN2: Wed | AO2: Thur | AP2: Thur | AQ2: Fri | AR2: Fri | AS2: Sat | AT2: Sat | AU2: Sun | AV2: Sun | AX2: Interval | AY2: NEXT DAY | AZ2: Mon | BA2: Tue | BB2: Wed | BC2: Thu | BD2: Fri | BE2: Sat | BF2: Sun | BH2: Interval | BI2: NEXT DAY | BJ2: Mon | BK2: Tue | BL2: Wed | BM2: Thu | BN2: Fri | BO2: Sat | BP2: Sun | BS2: Interval | BT2: For next day | BU2: Mon | BV2: Tue | BW2: Wed | BX2: Thu | BY2: Fri | BZ2: Sat | CA2: Sun | CB2: Mon | CC2: Tue | CD2: Wed | CE2: Thu | CF2: Fri | CG2: Sat | CH2: Sun | CI2: Mon | CJ2: Tue | CK2: Wed | CL2: Thu | CM2: Fri | CN2: Sat | CO2: Sun
A3: ='Nesting Phone time'!B4 -> Jave Lowelle Valiente Gayangos | B3: =IFERROR(VLOOKUP(A3,'Nesting Phone time'!B:I,2,),"-") -> 0.58333333 | C3: =IFERROR(IF(B3="PTO", "PTO", IF(B3="OFF","OFF",B3 + TIME(9,0,0))),"-") -> 0.95833333 | D3: =IFERROR(VLOOKUP(A3,'Nesting Phone time'!B:I,3,),"-") -> OFF | E3: =IFERROR(IF(D3="PTO", "PTO", IF(D3="OFF","OFF",D3 + TIME(9,0,0))),"-") -> OFF | F3: =IFERROR(VLOOKUP(A3,'Nesting Phone time'!B:I,4,),"-") -> 0.58333333 | G3: =IFERROR(IF(F3="PTO", "PTO", IF(F3="OFF","OFF",F3 + TIME(9,0,0))),"-") -> 0.95833333 | H3: =IFERROR(VLOOKUP(A3,'Nesting Phone time'!B:I,5,),"-") -> 0.58333333 | I3: =IFERROR(IF(H3="PTO", "PTO", IF(H3="OFF","OFF",H3 + TIME(9,0,0))),"-") -> 0.95833333 | J3: =IFERROR(VLOOKUP(A3,'Nesting Phone time'!B:I,6,),"-") -> 0.58333333 | K3: =IFERROR(IF(J3="PTO", "PTO", IF(J3="OFF","OFF",J3 + TIME(9,0,0))),"-") -> 0.95833333 | L3: =IFERROR(VLOOKUP(A3,'Nesting Phone time'!B:I,7,),"-") -> OFF | M3: =IFERROR(IF(L3="PTO", "PTO", IF(L3="OFF","OFF",L3 + TIME(9,0,0))),"-") -> OFF | N3: =IFERROR(VLOOKUP(A3,'Nesting Phone time'!B:I,8,),"-") -> 0.58333333 | O3: =IFERROR(IF(N3="PTO", "PTO", IF(N3="OFF","OFF",N3 + TIME(9,0,0))),"-") -> 0.95833333 | Q3: =IFERROR(VLOOKUP(A3,'Nesting Phone time'!B:Y,24,),"-") -> 0.58333333 | R3: =IFERROR(IF(Q3="PTO", "PTO", IF(Q3="OFF","OFF",Q3 + TIME(9,0,0))),"-") -> 0.95833333 | T3: =IFERROR(VLOOKUP(A3,'Nesting Phone time'!$B:$J,9,),"-") -> 0.58333333 | U3: =IFERROR(IF(T3="PTO", "PTO", IF(T3="OFF","OFF",T3 + TIME(9,0,0))),"-") -> 0.95833333 | V3: =IFERROR(VLOOKUP(A3,'Nesting Phone time'!B:K,10,),"-") -> 0.58333333 | W3: =IFERROR(IF(V3="PTO", "PTO", IF(V3="OFF","OFF",V3 + TIME(9,0,0))),"-") -> 0.95833333 | X3: =IFERROR(VLOOKUP(A3,'Nesting Phone time'!B:L,11,),"-") -> 0.58333333 | Y3: =IFERROR(IF(X3="PTO", "PTO", IF(X3="OFF","OFF",X3 + TIME(9,0,0))),"-") -> 0.95833333 | Z3: =IFERROR(VLOOKUP(A3,'Nesting Phone time'!B:M,12,),"-") -> 0.58333333 | AA3: =IFERROR(IF(Z3="PTO", "PTO", IF(Z3="OFF","OFF",Z3 + TIME(9,0,0))),"-") -> 0.95833333 | AB3: =IFERROR(VLOOKUP(A3,'Nesting Phone time'!B:N,13,),"-") -> OFF | AC3: =IFERROR(IF(AB3="PTO", "PTO", IF(AB3="OFF","OFF",AB3 + TIME(9,0,0))),"-") -> OFF | AD3: =IFERROR(VLOOKUP(A3,'Nesting Phone time'!B:O,14,),"-") -> OFF | AE3: =IFERROR(IF(AD3="PTO", "PTO", IF(AD3="OFF","OFF",AD3 + TIME(9,0,0))),"-") -> OFF | AF3: =IFERROR(VLOOKUP(A3,'Nesting Phone time'!B:P,15,),"-") -> 0.58333333 | AG3: =IFERROR(IF(AF3="PTO", "PTO", IF(AF3="OFF","OFF",AF3 + TIME(9,0,0))),"-") -> 0.95833333 | AI3: =IFERROR(VLOOKUP(A3,'Nesting Phone time'!$B:$Q,16,),"-") -> 0.58333333 | AJ3: =IFERROR(IF(AI3="PTO", "PTO", IF(AI3="OFF","OFF",AI3 + TIME(9,0,0))),"-") -> 0.95833333 | AK3: =IFERROR(VLOOKUP(A3,'Nesting Phone time'!B:R,17,),"-") -> 0.58333333 | AL3: =IFERROR(IF(AK3="PTO", "PTO", IF(AK3="OFF","OFF",AK3 + TIME(9,0,0))),"-") -> 0.95833333 | AM3: =IFERROR(VLOOKUP(A3,'Nesting Phone time'!B:S,18,),"-") -> 0.58333333 | AN3: =IFERROR(IF(AM3="PTO", "PTO", IF(AM3="OFF","OFF",AM3 + TIME(9,0,0))),"-") -> 0.95833333 | AO3: =IFERROR(VLOOKUP(A3,'Nesting Phone time'!B:T,19,),"-") -> 0.58333333 | AP3: =IFERROR(IF(AO3="PTO", "PTO", IF(AO3="OFF","OFF",AO3 + TIME(9,0,0))),"-") -> 0.95833333 | AQ3: =IFERROR(VLOOKUP(A3,'Nesting Phone time'!B:U,20,),"-") -> OFF | AR3: =IFERROR(IF(AQ3="PTO", "PTO", IF(AQ3="OFF","OFF",AQ3 + TIME(9,0,0))),"-") -> OFF | AS3: =IFERROR(VLOOKUP(A3,'Nesting Phone time'!B:V,21,),"-") -> OFF | AT3: =IFERROR(IF(AS3="PTO", "PTO", IF(AS3="OFF","OFF",AS3 + TIME(9,0,0))),"-") -> OFF | AU3: =IFERROR(VLOOKUP(A3,'Nesting Phone time'!B:W,22,),"-") -> 0.58333333 | AV3: =IFERROR(IF(AU3="PTO", "PTO", IF(AU3="OFF","OFF",AU3 + TIME(9,0,0))),"-") -> 0.95833333 | AX3: 0 | AY3: 1 | AZ3: =(COUNTIFS($B$3:$B$12, "<=" & AX3, $C$3:$C$12, ">" & AX3))+COUNTIFS($Q$3:$Q$12, "<=" & AY3, $R$3:$R$12, ">" & AY3) -> 0 | BA3: =(COUNTIFS($D$3:$D$12, "<=" & AX3, $E$3:$E$12, ">" & AX3))+COUNTIFS($B$3:$B$12, "<=" & AY3, $C$3:$C$12, ">" & AY3) -> 0 | BB3: =(COUNTIFS($F$3:$F$12, "<=" & AX3, $G$3:$G$12, ">" & AX3))+COUNTIFS($D$3:$D$12, "<=" & AY3, $E$3:$E$12, ">" & AY3) -> 0 | BC3: =(COUNTIFS($H$3:$H$12, "<=" & AX3, $I$3:$I$12, ">" & AX3))+COUNTIFS($F$3:$F$12, "<=" & AY3, $G$3:$G$12, ">" & AY3) -> 0 | BD3: =(COUNTIFS($J$3:$J$12, "<=" & AX3, $K$3:$K$12, ">" & AX3))+COUNTIFS($H$3:$H$12, "<=" & AY3, $I$3:$I$12, ">" & AY3) -> 0 | BE3: =(COUNTIFS($L$3:$L$12, "<=" & AX3, $M$3:$M$12, ">" & AX3))+COUNTIFS($J$3:$J$12, "<=" & AY3, $K$3:$K$12, ">" & AY3) -> 0 | BF3: =(COUNTIFS($N$3:$N$12, "<=" & AX3, $O$3:$O$12, ">" & AX3))+COUNTIFS($L$3:$L$12, "<=" & AY3, $M$3:$M$12, ">" & AY3) -> 0 | BH3: 0 | BI3: 1 | BJ3: =(COUNTIFS($B$13:$B$37, "<=" & BH3, $C$13:$C$37, ">" & BH3))+COUNTIFS($Q$13:$Q$37, "<=" & BI3, $R$13:$R$37, ">" & BI3) -> 0 | BK3: =(COUNTIFS($D$13:$D$37, "<=" & BH3, $E$13:$E$37, ">" & BH3))+COUNTIFS($B$13:$B$37, "<=" & BI3, $C$13:$C$37, ">" & BI3) -> 0 | BL3: =(COUNTIFS($F$13:$F$37, "<=" & BH3, $G$13:$G$37, ">" & BH3))+COUNTIFS($D$13:$D$37, "<=" & BI3, $E$13:$E$37, ">" & BI3) -> 0 | BM3: =(COUNTIFS($H$13:$H$37, "<=" & BH3, $I$13:$I$37, ">" & BH3))+COUNTIFS($F$13:$F$37, "<=" & BI3, $G$13:$G$37, ">" & BI3) -> 0 | BN3: =(COUNTIFS($J$13:$J$37, "<=" & BH3, $K$13:$K$37, ">" & BH3))+COUNTIFS($H$13:$H$37, "<=" & BI3, $I$13:$I$37, ">" & BI3) -> 0 | BO3: =(COUNTIFS($L$13:$L$37, "<=" & BH3, $M$13:$M$37, ">" & BH3))+COUNTIFS($J$13:$J$37, "<=" & BI3, $K$13:$K$37, ">" & BI3) -> 0 | BP3: =(COUNTIFS($N$13:$N$37, "<=" & BH3, $O$13:$O$37, ">" & BH3))+COUNTIFS($L$13:$L$37, "<=" & BI3, $M$13:$M$37, ">" & BI3) -> 0 | BS3: 0 | BT3: 1 | BU3: =COUNTIFS(Q:Q, "<=" & BT3, R:R, ">" & BT3)+COUNTIFS(B:B, "<=" & BS3, C:C, ">" & BS3) -> 0 | BV3: =COUNTIFS(B:B, "<=" & BT3, C:C, ">" & BT3)+COUNTIFS(D:D, "<=" & BS3, E:E, ">" & BS3) -> 0 | BW3: =COUNTIFS(D:D, "<=" & BT3, E:E, ">" & BT3)+COUNTIFS(F:F, "<=" & BS3, G:G, ">" & BS3) -> 0 | BX3: =COUNTIFS(F:F, "<=" & BT3, G:G, ">" & BT3)+COUNTIFS(H:H, "<=" & BS3, I:I, ">" & BS3) -> 0 | BY3: =COUNTIFS(H:H, "<=" & BT3, I:I, ">" & BT3)+COUNTIFS(J:J, "<=" & BS3, K:K, ">" & BS3) -> 0 | BZ3: =COUNTIFS(J:J, "<=" & BT3, K:K, ">" & BT3)+COUNTIFS(L:L, "<=" & BS3, M:M, ">" & BS3) -> 0 | CA3: =COUNTIFS(N:N, "<=" & BS3, O:O, ">" & BS3)+COUNTIFS(L:L, "<=" & BT3, M:M, ">" & BT3) -> 0 | CB3: =COUNTIFS(T:T, "<=" & BS3, U:U, ">" & BS3)+COUNTIFS(N:N, "<=" & BT3, O:O, ">" & BT3) -> 0 | CC3: =COUNTIFS(V:V, "<=" & BS3, W:W, ">" & BS3)+COUNTIFS(T:T, "<=" & BT3, U:U, ">" & BT3) -> 0 | CD3: =COUNTIFS(X:X, "<=" & BS3, Y:Y, ">" & BS3)+COUNTIFS(V:V, "<=" & BT3, W:W, ">" & BT3) -> 0 | CE3: =COUNTIFS(Z:Z, "<=" & BS3, AA:AA, ">" & BS3)+COUNTIFS(X:X, "<=" & BT3, Y:Y, ">" & BT3) -> 0 | CF3: =COUNTIFS(AB:AB, "<=" & BS3, AC:AC, ">" & BS3)+COUNTIFS(Z:Z, "<=" & BT3, AA:AA, ">" & BT3) -> 0 | CG3: =COUNTIFS(AD:AD, "<=" & BS3, AE:AE, ">" & BS3)+COUNTIFS(AB:AB, "<=" & BT3, AC:AC, ">" & BT3) -> 0 | CH3: =COUNTIFS(AF:AF, "<=" & BS3, AG:AG, ">" & BS3)+COUNTIFS(AD:AD, "<=" & BT3, AE:AE, ">" & BT3) -> 0 | CI3: =COUNTIFS(AI:AI, "<=" & BS3, AJ:AJ, ">" & BS3)+COUNTIFS(AF:AF, "<=" & BT3, AG:AG, ">" & BT3) -> 0 | CJ3: =COUNTIFS(AK:AK, "<=" & BS3, AL:AL, ">" & BS3)+COUNTIFS(AI:AI, "<=" & BT3, AJ:AJ, ">" & BT3) -> 0 | CK3: =COUNTIFS(AM:AM, "<=" & BS3, AN:AN, ">" & BS3)+COUNTIFS(AK:AK, "<=" & BT3, AL:AL, ">" & BT3) -> 0 | CL3: =COUNTIFS(AO:AO, "<=" & BS3, AP:AP, ">" & BS3)+COUNTIFS(AM:AM, "<=" & BT3, AN:AN, ">" & BT3) -> 0 | CM3: =COUNTIFS(AQ:AQ, "<=" & BS3, AR:AR, ">" & BS3)+COUNTIFS(AO:AO, "<=" & BT3, AP:AP, ">" & BT3) -> 0 | CN3: =COUNTIFS(AS:AS, "<=" & BS3, AT:AT, ">" & BS3)+COUNTIFS(AQ:AQ, "<=" & BT3, AR:AR, ">" & BT3) -> 0 | CO3: =COUNTIFS(AU:AU, "<=" & BS3, AV:AV, ">" & BS3)+COUNTIFS(AS:AS, "<=" & BT3, AT:AT, ">" & BT3) -> 0
A4: ='Nesting Phone time'!B5 -> Nicka Mae De Los Reyes Porras | B4: =IFERROR(VLOOKUP(A4,'Nesting Phone time'!B:I,2,),"-") -> 0.58333333 | C4: =IFERROR(IF(B4="PTO", "PTO", IF(B4="OFF","OFF",B4 + TIME(9,0,0))),"-") -> 0.95833333 | D4: =IFERROR(VLOOKUP(A4,'Nesting Phone time'!B:I,3,),"-") -> OFF | E4: =IFERROR(IF(D4="PTO", "PTO", IF(D4="OFF","OFF",D4 + TIME(9,0,0))),"-") -> OFF | F4: =IFERROR(VLOOKUP(A4,'Nesting Phone time'!B:I,4,),"-") -> 0.58333333 | G4: =IFERROR(IF(F4="PTO", "PTO", IF(F4="OFF","OFF",F4 + TIME(9,0,0))),"-") -> 0.95833333 | H4: =IFERROR(VLOOKUP(A4,'Nesting Phone time'!B:I,5,),"-") -> 0.58333333 | I4: =IFERROR(IF(H4="PTO", "PTO", IF(H4="OFF","OFF",H4 + TIME(9,0,0))),"-") -> 0.95833333 | J4: =IFERROR(VLOOKUP(A4,'Nesting Phone time'!B:I,6,),"-") -> 0.58333333 | K4: =IFERROR(IF(J4="PTO", "PTO", IF(J4="OFF","OFF",J4 + TIME(9,0,0))),"-") -> 0.95833333 | L4: =IFERROR(VLOOKUP(A4,'Nesting Phone time'!B:I,7,),"-") -> OFF | M4: =IFERROR(IF(L4="PTO", "PTO", IF(L4="OFF","OFF",L4 + TIME(9,0,0))),"-") -> OFF | N4: =IFERROR(VLOOKUP(A4,'Nesting Phone time'!B:I,8,),"-") -> 0.58333333 | O4: =IFERROR(IF(N4="PTO", "PTO", IF(N4="OFF","OFF",N4 + TIME(9,0,0))),"-") -> 0.95833333 | Q4: =IFERROR(VLOOKUP(A4,'Nesting Phone time'!B:Y,24,),"-") -> 0.58333333 | R4: =IFERROR(IF(Q4="PTO", "PTO", IF(Q4="OFF","OFF",Q4 + TIME(9,0,0))),"-") -> 0.95833333 | T4: =IFERROR(VLOOKUP(A4,'Nesting Phone time'!$B:$J,9,),"-") -> 0.58333333 | U4: =IFERROR(IF(T4="PTO", "PTO", IF(T4="OFF","OFF",T4 + TIME(9,0,0))),"-") -> 0.95833333 | V4: =IFERROR(VLOOKUP(A4,'Nesting Phone time'!B:K,10,),"-") -> 0.58333333 | W4: =IFERROR(IF(V4="PTO", "PTO", IF(V4="OFF","OFF",V4 + TIME(9,0,0))),"-") -> 0.95833333 | X4: =IFERROR(VLOOKUP(A4,'Nesting Phone time'!B:L,11,),"-") -> 0.58333333 | Y4: =IFERROR(IF(X4="PTO", "PTO", IF(X4="OFF","OFF",X4 + TIME(9,0,0))),"-") -> 0.95833333 | Z4: =IFERROR(VLOOKUP(A4,'Nesting Phone time'!B:M,12,),"-") -> 0.58333333 | AA4: =IFERROR(IF(Z4="PTO", "PTO", IF(Z4="OFF","OFF",Z4 + TIME(9,0,0))),"-") -> 0.95833333 | AB4: =IFERROR(VLOOKUP(A4,'Nesting Phone time'!B:N,13,),"-") -> OFF | AC4: =IFERROR(IF(AB4="PTO", "PTO", IF(AB4="OFF","OFF",AB4 + TIME(9,0,0))),"-") -> OFF | AD4: =IFERROR(VLOOKUP(A4,'Nesting Phone time'!B:O,14,),"-") -> OFF | AE4: =IFERROR(IF(AD4="PTO", "PTO", IF(AD4="OFF","OFF",AD4 + TIME(9,0,0))),"-") -> OFF | AF4: =IFERROR(VLOOKUP(A4,'Nesting Phone time'!B:P,15,),"-") -> 0.58333333 | AG4: =IFERROR(IF(AF4="PTO", "PTO", IF(AF4="OFF","OFF",AF4 + TIME(9,0,0))),"-") -> 0.95833333 | AI4: =IFERROR(VLOOKUP(A4,'Nesting Phone time'!$B:$Q,16,),"-") -> 0.58333333 | AJ4: =IFERROR(IF(AI4="PTO", "PTO", IF(AI4="OFF","OFF",AI4 + TIME(9,0,0))),"-") -> 0.95833333 | AK4: =IFERROR(VLOOKUP(A4,'Nesting Phone time'!B:R,17,),"-") -> 0.58333333 | AL4: =IFERROR(IF(AK4="PTO", "PTO", IF(AK4="OFF","OFF",AK4 + TIME(9,0,0))),"-") -> 0.95833333 | AM4: =IFERROR(VLOOKUP(A4,'Nesting Phone time'!B:S,18,),"-") -> 0.58333333 | AN4: =IFERROR(IF(AM4="PTO", "PTO", IF(AM4="OFF","OFF",AM4 + TIME(9,0,0))),"-") -> 0.95833333 | AO4: =IFERROR(VLOOKUP(A4,'Nesting Phone time'!B:T,19,),"-") -> 0.58333333 | AP4: =IFERROR(IF(AO4="PTO", "PTO", IF(AO4="OFF","OFF",AO4 + TIME(9,0,0))),"-") -> 0.95833333 | AQ4: =IFERROR(VLOOKUP(A4,'Nesting Phone time'!B:U,20,),"-") -> OFF | AR4: =IFERROR(IF(AQ4="PTO", "PTO", IF(AQ4="OFF","OFF",AQ4 + TIME(9,0,0))),"-") -> OFF | AS4: =IFERROR(VLOOKUP(A4,'Nesting Phone time'!B:V,21,),"-") -> OFF | AT4: =IFERROR(IF(AS4="PTO", "PTO", IF(AS4="OFF","OFF",AS4 + TIME(9,0,0))),"-") -> OFF | AU4: =IFERROR(VLOOKUP(A4,'Nesting Phone time'!B:W,22,),"-") -> 0.58333333 | AV4: =IFERROR(IF(AU4="PTO", "PTO", IF(AU4="OFF","OFF",AU4 + TIME(9,0,0))),"-") -> 0.95833333 | AX4: 0.041666667 | AY4: 1.0416667 | AZ4: =(COUNTIFS($B$3:$B$12, "<=" & AX4, $C$3:$C$12, ">" & AX4))+COUNTIFS($Q$3:$Q$12, "<=" & AY4, $R$3:$R$12, ">" & AY4) -> 0 | BA4: =(COUNTIFS($D$3:$D$12, "<=" & AX4, $E$3:$E$12, ">" & AX4))+COUNTIFS($B$3:$B$12, "<=" & AY4, $C$3:$C$12, ">" & AY4) -> 0 | BB4: =(COUNTIFS($F$3:$F$12, "<=" & AX4, $G$3:$G$12, ">" & AX4))+COUNTIFS($D$3:$D$12, "<=" & AY4, $E$3:$E$12, ">" & AY4) -> 0 | BC4: =(COUNTIFS($H$3:$H$12, "<=" & AX4, $I$3:$I$12, ">" & AX4))+COUNTIFS($F$3:$F$12, "<=" & AY4, $G$3:$G$12, ">" & AY4) -> 0 | BD4: =(COUNTIFS($J$3:$J$12, "<=" & AX4, $K$3:$K$12, ">" & AX4))+COUNTIFS($H$3:$H$12, "<=" & AY4, $I$3:$I$12, ">" & AY4) -> 0 | BE4: =(COUNTIFS($L$3:$L$12, "<=" & AX4, $M$3:$M$12, ">" & AX4))+COUNTIFS($J$3:$J$12, "<=" & AY4, $K$3:$K$12, ">" & AY4) -> 0 | BF4: =(COUNTIFS($N$3:$N$12, "<=" & AX4, $O$3:$O$12, ">" & AX4))+COUNTIFS($L$3:$L$12, "<=" & AY4, $M$3:$M$12, ">" & AY4) -> 0 | BH4: 0.041666667 | BI4: 1.0416667 | BJ4: =(COUNTIFS($B$13:$B$37, "<=" & BH4, $C$13:$C$37, ">" & BH4))+COUNTIFS($Q$13:$Q$37, "<=" & BI4, $R$13:$R$37, ">" & BI4) -> 0 | BK4: =(COUNTIFS($D$13:$D$37, "<=" & BH4, $E$13:$E$37, ">" & BH4))+COUNTIFS($B$13:$B$37, "<=" & BI4, $C$13:$C$37, ">" & BI4) -> 0 | BL4: =(COUNTIFS($F$13:$F$37, "<=" & BH4, $G$13:$G$37, ">" & BH4))+COUNTIFS($D$13:$D$37, "<=" & BI4, $E$13:$E$37, ">" & BI4) -> 0 | BM4: =(COUNTIFS($H$13:$H$37, "<=" & BH4, $I$13:$I$37, ">" & BH4))+COUNTIFS($F$13:$F$37, "<=" & BI4, $G$13:$G$37, ">" & BI4) -> 0 | BN4: =(COUNTIFS($J$13:$J$37, "<=" & BH4, $K$13:$K$37, ">" & BH4))+COUNTIFS($H$13:$H$37, "<=" & BI4, $I$13:$I$37, ">" & BI4) -> 0 | BO4: =(COUNTIFS($L$13:$L$37, "<=" & BH4, $M$13:$M$37, ">" & BH4))+COUNTIFS($J$13:$J$37, "<=" & BI4, $K$13:$K$37, ">" & BI4) -> 0 | BP4: =(COUNTIFS($N$13:$N$37, "<=" & BH4, $O$13:$O$37, ">" & BH4))+COUNTIFS($L$13:$L$37, "<=" & BI4, $M$13:$M$37, ">" & BI4) -> 0 | BS4: 0.041666667 | BT4: 1.0416667 | BU4: =COUNTIFS(Q:Q, "<=" & BT4, R:R, ">" & BT4)+COUNTIFS(B:B, "<=" & BS4, C:C, ">" & BS4) -> 0 | BV4: =COUNTIFS(B:B, "<=" & BT4, C:C, ">" & BT4)+COUNTIFS(D:D, "<=" & BS4, E:E, ">" & BS4) -> 0 | BW4: =COUNTIFS(D:D, "<=" & BT4, E:E, ">" & BT4)+COUNTIFS(F:F, "<=" & BS4, G:G, ">" & BS4) -> 0 | BX4: =COUNTIFS(F:F, "<=" & BT4, G:G, ">" & BT4)+COUNTIFS(H:H, "<=" & BS4, I:I, ">" & BS4) -> 0 | BY4: =COUNTIFS(H:H, "<=" & BT4, I:I, ">" & BT4)+COUNTIFS(J:J, "<=" & BS4, K:K, ">" & BS4) -> 0 | BZ4: =COUNTIFS(J:J, "<=" & BT4, K:K, ">" & BT4)+COUNTIFS(L:L, "<=" & BS4, M:M, ">" & BS4) -> 0 | CA4: =COUNTIFS(N:N, "<=" & BS4, O:O, ">" & BS4)+COUNTIFS(L:L, "<=" & BT4, M:M, ">" & BT4) -> 0 | CB4: =COUNTIFS(T:T, "<=" & BS4, U:U, ">" & BS4)+COUNTIFS(N:N, "<=" & BT4, O:O, ">" & BT4) -> 0 | CC4: =COUNTIFS(V:V, "<=" & BS4, W:W, ">" & BS4)+COUNTIFS(T:T, "<=" & BT4, U:U, ">" & BT4) -> 0 | CD4: =COUNTIFS(X:X, "<=" & BS4, Y:Y, ">" & BS4)+COUNTIFS(V:V, "<=" & BT4, W:W, ">" & BT4) -> 0 | CE4: =COUNTIFS(Z:Z, "<=" & BS4, AA:AA, ">" & BS4)+COUNTIFS(X:X, "<=" & BT4, Y:Y, ">" & BT4) -> 0 | CF4: =COUNTIFS(AB:AB, "<=" & BS4, AC:AC, ">" & BS4)+COUNTIFS(Z:Z, "<=" & BT4, AA:AA, ">" & BT4) -> 0 | CG4: =COUNTIFS(AD:AD, "<=" & BS4, AE:AE, ">" & BS4)+COUNTIFS(AB:AB, "<=" & BT4, AC:AC, ">" & BT4) -> 0 | CH4: =COUNTIFS(AF:AF, "<=" & BS4, AG:AG, ">" & BS4)+COUNTIFS(AD:AD, "<=" & BT4, AE:AE, ">" & BT4) -> 0 | CI4: =COUNTIFS(AI:AI, "<=" & BS4, AJ:AJ, ">" & BS4)+COUNTIFS(AF:AF, "<=" & BT4, AG:AG, ">" & BT4) -> 0 | CJ4: =COUNTIFS(AK:AK, "<=" & BS4, AL:AL, ">" & BS4)+COUNTIFS(AI:AI, "<=" & BT4, AJ:AJ, ">" & BT4) -> 0 | CK4: =COUNTIFS(AM:AM, "<=" & BS4, AN:AN, ">" & BS4)+COUNTIFS(AK:AK, "<=" & BT4, AL:AL, ">" & BT4) -> 0 | CL4: =COUNTIFS(AO:AO, "<=" & BS4, AP:AP, ">" & BS4)+COUNTIFS(AM:AM, "<=" & BT4, AN:AN, ">" & BT4) -> 0 | CM4: =COUNTIFS(AQ:AQ, "<=" & BS4, AR:AR, ">" & BS4)+COUNTIFS(AO:AO, "<=" & BT4, AP:AP, ">" & BT4) -> 0 | CN4: =COUNTIFS(AS:AS, "<=" & BS4, AT:AT, ">" & BS4)+COUNTIFS(AQ:AQ, "<=" & BT4, AR:AR, ">" & BT4) -> 0 | CO4: =COUNTIFS(AU:AU, "<=" & BS4, AV:AV, ">" & BS4)+COUNTIFS(AS:AS, "<=" & BT4, AT:AT, ">" & BT4) -> 0
A5: ='Nesting Phone time'!B6 -> Roxan Sabido Sacay | B5: =IFERROR(VLOOKUP(A5,'Nesting Phone time'!B:I,2,),"-") -> OFF | C5: =IFERROR(IF(B5="PTO", "PTO", IF(B5="OFF","OFF",B5 + TIME(9,0,0))),"-") -> OFF | D5: =IFERROR(VLOOKUP(A5,'Nesting Phone time'!B:I,3,),"-") -> OFF | E5: =IFERROR(IF(D5="PTO", "PTO", IF(D5="OFF","OFF",D5 + TIME(9,0,0))),"-") -> OFF | F5: =IFERROR(VLOOKUP(A5,'Nesting Phone time'!B:I,4,),"-") -> OFF | G5: =IFERROR(IF(F5="PTO", "PTO", IF(F5="OFF","OFF",F5 + TIME(9,0,0))),"-") -> OFF | H5: =IFERROR(VLOOKUP(A5,'Nesting Phone time'!B:I,5,),"-") -> OFF | I5: =IFERROR(IF(H5="PTO", "PTO", IF(H5="OFF","OFF",H5 + TIME(9,0,0))),"-") -> OFF | J5: =IFERROR(VLOOKUP(A5,'Nesting Phone time'!B:I,6,),"-") -> OFF | K5: =IFERROR(IF(J5="PTO", "PTO", IF(J5="OFF","OFF",J5 + TIME(9,0,0))),"-") -> OFF | L5: =IFERROR(VLOOKUP(A5,'Nesting Phone time'!B:I,7,),"-") -> OFF | M5: =IFERROR(IF(L5="PTO", "PTO", IF(L5="OFF","OFF",L5 + TIME(9,0,0))),"-") -> OFF | N5: =IFERROR(VLOOKUP(A5,'Nesting Phone time'!B:I,8,),"-") -> OFF | O5: =IFERROR(IF(N5="PTO", "PTO", IF(N5="OFF","OFF",N5 + TIME(9,0,0))),"-") -> OFF | Q5: =IFERROR(VLOOKUP(A5,'Nesting Phone time'!B:Y,24,),"-") -> OFF | R5: =IFERROR(IF(Q5="PTO", "PTO", IF(Q5="OFF","OFF",Q5 + TIME(9,0,0))),"-") -> OFF | T5: =IFERROR(VLOOKUP(A5,'Nesting Phone time'!$B:$J,9,),"-") -> OFF | U5: =IFERROR(IF(T5="PTO", "PTO", IF(T5="OFF","OFF",T5 + TIME(9,0,0))),"-") -> OFF | V5: =IFERROR(VLOOKUP(A5,'Nesting Phone time'!B:K,10,),"-") -> OFF | W5: =IFERROR(IF(V5="PTO", "PTO", IF(V5="OFF","OFF",V5 + TIME(9,0,0))),"-") -> OFF | X5: =IFERROR(VLOOKUP(A5,'Nesting Phone time'!B:L,11,),"-") -> OFF | Y5: =IFERROR(IF(X5="PTO", "PTO", IF(X5="OFF","OFF",X5 + TIME(9,0,0))),"-") -> OFF | Z5: =IFERROR(VLOOKUP(A5,'Nesting Phone time'!B:M,12,),"-") -> OFF | AA5: =IFERROR(IF(Z5="PTO", "PTO", IF(Z5="OFF","OFF",Z5 + TIME(9,0,0))),"-") -> OFF | AB5: =IFERROR(VLOOKUP(A5,'Nesting Phone time'!B:N,13,),"-") -> OFF | AC5: =IFERROR(IF(AB5="PTO", "PTO", IF(AB5="OFF","OFF",AB5 + TIME(9,0,0))),"-") -> OFF | AD5: =IFERROR(VLOOKUP(A5,'Nesting Phone time'!B:O,14,),"-") -> OFF | AE5: =IFERROR(IF(AD5="PTO", "PTO", IF(AD5="OFF","OFF",AD5 + TIME(9,0,0))),"-") -> OFF | AF5: =IFERROR(VLOOKUP(A5,'Nesting Phone time'!B:P,15,),"-") -> OFF | AG5: =IFERROR(IF(AF5="PTO", "PTO", IF(AF5="OFF","OFF",AF5 + TIME(9,0,0))),"-") -> OFF | AI5: =IFERROR(VLOOKUP(A5,'Nesting Phone time'!$B:$Q,16,),"-") -> OFF | AJ5: =IFERROR(IF(AI5="PTO", "PTO", IF(AI5="OFF","OFF",AI5 + TIME(9,0,0))),"-") -> OFF | AK5: =IFERROR(VLOOKUP(A5,'Nesting Phone time'!B:R,17,),"-") -> OFF | AL5: =IFERROR(IF(AK5="PTO", "PTO", IF(AK5="OFF","OFF",AK5 + TIME(9,0,0))),"-") -> OFF | AM5: =IFERROR(VLOOKUP(A5,'Nesting Phone time'!B:S,18,),"-") -> OFF | AN5: =IFERROR(IF(AM5="PTO", "PTO", IF(AM5="OFF","OFF",AM5 + TIME(9,0,0))),"-") -> OFF | AO5: =IFERROR(VLOOKUP(A5,'Nesting Phone time'!B:T,19,),"-") -> OFF | AP5: =IFERROR(IF(AO5="PTO", "PTO", IF(AO5="OFF","OFF",AO5 + TIME(9,0,0))),"-") -> OFF | AQ5: =IFERROR(VLOOKUP(A5,'Nesting Phone time'!B:U,20,),"-") -> OFF | AR5: =IFERROR(IF(AQ5="PTO", "PTO", IF(AQ5="OFF","OFF",AQ5 + TIME(9,0,0))),"-") -> OFF | AS5: =IFERROR(VLOOKUP(A5,'Nesting Phone time'!B:V,21,),"-") -> OFF | AT5: =IFERROR(IF(AS5="PTO", "PTO", IF(AS5="OFF","OFF",AS5 + TIME(9,0,0))),"-") -> OFF | AU5: =IFERROR(VLOOKUP(A5,'Nesting Phone time'!B:W,22,),"-") -> OFF | AV5: =IFERROR(IF(AU5="PTO", "PTO", IF(AU5="OFF","OFF",AU5 + TIME(9,0,0))),"-") -> OFF | AX5: 0.083333333 | AY5: 1.0833333 | AZ5: =(COUNTIFS($B$3:$B$12, "<=" & AX5, $C$3:$C$12, ">" & AX5))+COUNTIFS($Q$3:$Q$12, "<=" & AY5, $R$3:$R$12, ">" & AY5) -> 0 | BA5: =(COUNTIFS($D$3:$D$12, "<=" & AX5, $E$3:$E$12, ">" & AX5))+COUNTIFS($B$3:$B$12, "<=" & AY5, $C$3:$C$12, ">" & AY5) -> 0 | BB5: =(COUNTIFS($F$3:$F$12, "<=" & AX5, $G$3:$G$12, ">" & AX5))+COUNTIFS($D$3:$D$12, "<=" & AY5, $E$3:$E$12, ">" & AY5) -> 0 | BC5: =(COUNTIFS($H$3:$H$12, "<=" & AX5, $I$3:$I$12, ">" & AX5))+COUNTIFS($F$3:$F$12, "<=" & AY5, $G$3:$G$12, ">" & AY5) -> 0 | BD5: =(COUNTIFS($J$3:$J$12, "<=" & AX5, $K$3:$K$12, ">" & AX5))+COUNTIFS($H$3:$H$12, "<=" & AY5, $I$3:$I$12, ">" & AY5) -> 0 | BE5: =(COUNTIFS($L$3:$L$12, "<=" & AX5, $M$3:$M$12, ">" & AX5))+COUNTIFS($J$3:$J$12, "<=" & AY5, $K$3:$K$12, ">" & AY5) -> 0 | BF5: =(COUNTIFS($N$3:$N$12, "<=" & AX5, $O$3:$O$12, ">" & AX5))+COUNTIFS($L$3:$L$12, "<=" & AY5, $M$3:$M$12, ">" & AY5) -> 0 | BH5: 0.083333333 | BI5: 1.0833333 | BJ5: =(COUNTIFS($B$13:$B$37, "<=" & BH5, $C$13:$C$37, ">" & BH5))+COUNTIFS($Q$13:$Q$37, "<=" & BI5, $R$13:$R$37, ">" & BI5) -> 0 | BK5: =(COUNTIFS($D$13:$D$37, "<=" & BH5, $E$13:$E$37, ">" & BH5))+COUNTIFS($B$13:$B$37, "<=" & BI5, $C$13:$C$37, ">" & BI5) -> 0 | BL5: =(COUNTIFS($F$13:$F$37, "<=" & BH5, $G$13:$G$37, ">" & BH5))+COUNTIFS($D$13:$D$37, "<=" & BI5, $E$13:$E$37, ">" & BI5) -> 0 | BM5: =(COUNTIFS($H$13:$H$37, "<=" & BH5, $I$13:$I$37, ">" & BH5))+COUNTIFS($F$13:$F$37, "<=" & BI5, $G$13:$G$37, ">" & BI5) -> 0 | BN5: =(COUNTIFS($J$13:$J$37, "<=" & BH5, $K$13:$K$37, ">" & BH5))+COUNTIFS($H$13:$H$37, "<=" & BI5, $I$13:$I$37, ">" & BI5) -> 0 | BO5: =(COUNTIFS($L$13:$L$37, "<=" & BH5, $M$13:$M$37, ">" & BH5))+COUNTIFS($J$13:$J$37, "<=" & BI5, $K$13:$K$37, ">" & BI5) -> 0 | BP5: =(COUNTIFS($N$13:$N$37, "<=" & BH5, $O$13:$O$37, ">" & BH5))+COUNTIFS($L$13:$L$37, "<=" & BI5, $M$13:$M$37, ">" & BI5) -> 0 | BS5: 0.083333333 | BT5: 1.0833333 | BU5: =COUNTIFS(Q:Q, "<=" & BT5, R:R, ">" & BT5)+COUNTIFS(B:B, "<=" & BS5, C:C, ">" & BS5) -> 0 | BV5: =COUNTIFS(B:B, "<=" & BT5, C:C, ">" & BT5)+COUNTIFS(D:D, "<=" & BS5, E:E, ">" & BS5) -> 0 | BW5: =COUNTIFS(D:D, "<=" & BT5, E:E, ">" & BT5)+COUNTIFS(F:F, "<=" & BS5, G:G, ">" & BS5) -> 0 | BX5: =COUNTIFS(F:F, "<=" & BT5, G:G, ">" & BT5)+COUNTIFS(H:H, "<=" & BS5, I:I, ">" & BS5) -> 0 | BY5: =COUNTIFS(H:H, "<=" & BT5, I:I, ">" & BT5)+COUNTIFS(J:J, "<=" & BS5, K:K, ">" & BS5) -> 0 | BZ5: =COUNTIFS(J:J, "<=" & BT5, K:K, ">" & BT5)+COUNTIFS(L:L, "<=" & BS5, M:M, ">" & BS5) -> 0 | CA5: =COUNTIFS(N:N, "<=" & BS5, O:O, ">" & BS5)+COUNTIFS(L:L, "<=" & BT5, M:M, ">" & BT5) -> 0 | CB5: =COUNTIFS(T:T, "<=" & BS5, U:U, ">" & BS5)+COUNTIFS(N:N, "<=" & BT5, O:O, ">" & BT5) -> 0 | CC5: =COUNTIFS(V:V, "<=" & BS5, W:W, ">" & BS5)+COUNTIFS(T:T, "<=" & BT5, U:U, ">" & BT5) -> 0 | CD5: =COUNTIFS(X:X, "<=" & BS5, Y:Y, ">" & BS5)+COUNTIFS(V:V, "<=" & BT5, W:W, ">" & BT5) -> 0 | CE5: =COUNTIFS(Z:Z, "<=" & BS5, AA:AA, ">" & BS5)+COUNTIFS(X:X, "<=" & BT5, Y:Y, ">" & BT5) -> 0 | CF5: =COUNTIFS(AB:AB, "<=" & BS5, AC:AC, ">" & BS5)+COUNTIFS(Z:Z, "<=" & BT5, AA:AA, ">" & BT5) -> 0 | CG5: =COUNTIFS(AD:AD, "<=" & BS5, AE:AE, ">" & BS5)+COUNTIFS(AB:AB, "<=" & BT5, AC:AC, ">" & BT5) -> 0 | CH5: =COUNTIFS(AF:AF, "<=" & BS5, AG:AG, ">" & BS5)+COUNTIFS(AD:AD, "<=" & BT5, AE:AE, ">" & BT5) -> 0 | CI5: =COUNTIFS(AI:AI, "<=" & BS5, AJ:AJ, ">" & BS5)+COUNTIFS(AF:AF, "<=" & BT5, AG:AG, ">" & BT5) -> 0 | CJ5: =COUNTIFS(AK:AK, "<=" & BS5, AL:AL, ">" & BS5)+COUNTIFS(AI:AI, "<=" & BT5, AJ:AJ, ">" & BT5) -> 0 | CK5: =COUNTIFS(AM:AM, "<=" & BS5, AN:AN, ">" & BS5)+COUNTIFS(AK:AK, "<=" & BT5, AL:AL, ">" & BT5) -> 0 | CL5: =COUNTIFS(AO:AO, "<=" & BS5, AP:AP, ">" & BS5)+COUNTIFS(AM:AM, "<=" & BT5, AN:AN, ">" & BT5) -> 0 | CM5: =COUNTIFS(AQ:AQ, "<=" & BS5, AR:AR, ">" & BS5)+COUNTIFS(AO:AO, "<=" & BT5, AP:AP, ">" & BT5) -> 0 | CN5: =COUNTIFS(AS:AS, "<=" & BS5, AT:AT, ">" & BS5)+COUNTIFS(AQ:AQ, "<=" & BT5, AR:AR, ">" & BT5) -> 0 | CO5: =COUNTIFS(AU:AU, "<=" & BS5, AV:AV, ">" & BS5)+COUNTIFS(AS:AS, "<=" & BT5, AT:AT, ">" & BT5) -> 0
A6: ='Nesting Phone time'!B7 -> Mikhaela Palma Detera | B6: =IFERROR(VLOOKUP(A6,'Nesting Phone time'!B:I,2,),"-") -> 0.58333333 | C6: =IFERROR(IF(B6="PTO", "PTO", IF(B6="OFF","OFF",B6 + TIME(9,0,0))),"-") -> 0.95833333 | D6: =IFERROR(VLOOKUP(A6,'Nesting Phone time'!B:I,3,),"-") -> OFF | E6: =IFERROR(IF(D6="PTO", "PTO", IF(D6="OFF","OFF",D6 + TIME(9,0,0))),"-") -> OFF | F6: =IFERROR(VLOOKUP(A6,'Nesting Phone time'!B:I,4,),"-") -> 0.58333333 | G6: =IFERROR(IF(F6="PTO", "PTO", IF(F6="OFF","OFF",F6 + TIME(9,0,0))),"-") -> 0.95833333 | H6: =IFERROR(VLOOKUP(A6,'Nesting Phone time'!B:I,5,),"-") -> 0.58333333 | I6: =IFERROR(IF(H6="PTO", "PTO", IF(H6="OFF","OFF",H6 + TIME(9,0,0))),"-") -> 0.95833333 | J6: =IFERROR(VLOOKUP(A6,'Nesting Phone time'!B:I,6,),"-") -> 0.58333333 | K6: =IFERROR(IF(J6="PTO", "PTO", IF(J6="OFF","OFF",J6 + TIME(9,0,0))),"-") -> 0.95833333 | L6: =IFERROR(VLOOKUP(A6,'Nesting Phone time'!B:I,7,),"-") -> OFF | M6: =IFERROR(IF(L6="PTO", "PTO", IF(L6="OFF","OFF",L6 + TIME(9,0,0))),"-") -> OFF | N6: =IFERROR(VLOOKUP(A6,'Nesting Phone time'!B:I,8,),"-") -> 0.58333333 | O6: =IFERROR(IF(N6="PTO", "PTO", IF(N6="OFF","OFF",N6 + TIME(9,0,0))),"-") -> 0.95833333 | Q6: =IFERROR(VLOOKUP(A6,'Nesting Phone time'!B:Y,24,),"-") -> 0.58333333 | R6: =IFERROR(IF(Q6="PTO", "PTO", IF(Q6="OFF","OFF",Q6 + TIME(9,0,0))),"-") -> 0.95833333 | T6: =IFERROR(VLOOKUP(A6,'Nesting Phone time'!$B:$J,9,),"-") -> 0.58333333 | U6: =IFERROR(IF(T6="PTO", "PTO", IF(T6="OFF","OFF",T6 + TIME(9,0,0))),"-") -> 0.95833333 | V6: =IFERROR(VLOOKUP(A6,'Nesting Phone time'!B:K,10,),"-") -> 0.58333333 | W6: =IFERROR(IF(V6="PTO", "PTO", IF(V6="OFF","OFF",V6 + TIME(9,0,0))),"-") -> 0.95833333 | X6: =IFERROR(VLOOKUP(A6,'Nesting Phone time'!B:L,11,),"-") -> 0.58333333 | Y6: =IFERROR(IF(X6="PTO", "PTO", IF(X6="OFF","OFF",X6 + TIME(9,0,0))),"-") -> 0.95833333 | Z6: =IFERROR(VLOOKUP(A6,'Nesting Phone time'!B:M,12,),"-") -> 0.58333333 | AA6: =IFERROR(IF(Z6="PTO", "PTO", IF(Z6="OFF","OFF",Z6 + TIME(9,0,0))),"-") -> 0.95833333 | AB6: =IFERROR(VLOOKUP(A6,'Nesting Phone time'!B:N,13,),"-") -> OFF | AC6: =IFERROR(IF(AB6="PTO", "PTO", IF(AB6="OFF","OFF",AB6 + TIME(9,0,0))),"-") -> OFF | AD6: =IFERROR(VLOOKUP(A6,'Nesting Phone time'!B:O,14,),"-") -> OFF | AE6: =IFERROR(IF(AD6="PTO", "PTO", IF(AD6="OFF","OFF",AD6 + TIME(9,0,0))),"-") -> OFF | AF6: =IFERROR(VLOOKUP(A6,'Nesting Phone time'!B:P,15,),"-") -> 0.58333333 | AG6: =IFERROR(IF(AF6="PTO", "PTO", IF(AF6="OFF","OFF",AF6 + TIME(9,0,0))),"-") -> 0.95833333 | AI6: =IFERROR(VLOOKUP(A6,'Nesting Phone time'!$B:$Q,16,),"-") -> 0.58333333 | AJ6: =IFERROR(IF(AI6="PTO", "PTO", IF(AI6="OFF","OFF",AI6 + TIME(9,0,0))),"-") -> 0.95833333 | AK6: =IFERROR(VLOOKUP(A6,'Nesting Phone time'!B:R,17,),"-") -> 0.58333333 | AL6: =IFERROR(IF(AK6="PTO", "PTO", IF(AK6="OFF","OFF",AK6 + TIME(9,0,0))),"-") -> 0.95833333 | AM6: =IFERROR(VLOOKUP(A6,'Nesting Phone time'!B:S,18,),"-") -> 0.58333333 | AN6: =IFERROR(IF(AM6="PTO", "PTO", IF(AM6="OFF","OFF",AM6 + TIME(9,0,0))),"-") -> 0.95833333 | AO6: =IFERROR(VLOOKUP(A6,'Nesting Phone time'!B:T,19,),"-") -> 0.58333333 | AP6: =IFERROR(IF(AO6="PTO", "PTO", IF(AO6="OFF","OFF",AO6 + TIME(9,0,0))),"-") -> 0.95833333 | AQ6: =IFERROR(VLOOKUP(A6,'Nesting Phone time'!B:U,20,),"-") -> OFF | AR6: =IFERROR(IF(AQ6="PTO", "PTO", IF(AQ6="OFF","OFF",AQ6 + TIME(9,0,0))),"-") -> OFF | AS6: =IFERROR(VLOOKUP(A6,'Nesting Phone time'!B:V,21,),"-") -> OFF | AT6: =IFERROR(IF(AS6="PTO", "PTO", IF(AS6="OFF","OFF",AS6 + TIME(9,0,0))),"-") -> OFF | AU6: =IFERROR(VLOOKUP(A6,'Nesting Phone time'!B:W,22,),"-") -> 0.58333333 | AV6: =IFERROR(IF(AU6="PTO", "PTO", IF(AU6="OFF","OFF",AU6 + TIME(9,0,0))),"-") -> 0.95833333 | AX6: 0.125 | AY6: 1.125 | AZ6: =(COUNTIFS($B$3:$B$12, "<=" & AX6, $C$3:$C$12, ">" & AX6))+COUNTIFS($Q$3:$Q$12, "<=" & AY6, $R$3:$R$12, ">" & AY6) -> 0 | BA6: =(COUNTIFS($D$3:$D$12, "<=" & AX6, $E$3:$E$12, ">" & AX6))+COUNTIFS($B$3:$B$12, "<=" & AY6, $C$3:$C$12, ">" & AY6) -> 0 | BB6: =(COUNTIFS($F$3:$F$12, "<=" & AX6, $G$3:$G$12, ">" & AX6))+COUNTIFS($D$3:$D$12, "<=" & AY6, $E$3:$E$12, ">" & AY6) -> 0 | BC6: =(COUNTIFS($H$3:$H$12, "<=" & AX6, $I$3:$I$12, ">" & AX6))+COUNTIFS($F$3:$F$12, "<=" & AY6, $G$3:$G$12, ">" & AY6) -> 0 | BD6: =(COUNTIFS($J$3:$J$12, "<=" & AX6, $K$3:$K$12, ">" & AX6))+COUNTIFS($H$3:$H$12, "<=" & AY6, $I$3:$I$12, ">" & AY6) -> 0 | BE6: =(COUNTIFS($L$3:$L$12, "<=" & AX6, $M$3:$M$12, ">" & AX6))+COUNTIFS($J$3:$J$12, "<=" & AY6, $K$3:$K$12, ">" & AY6) -> 0 | BF6: =(COUNTIFS($N$3:$N$12, "<=" & AX6, $O$3:$O$12, ">" & AX6))+COUNTIFS($L$3:$L$12, "<=" & AY6, $M$3:$M$12, ">" & AY6) -> 0 | BH6: 0.125 | BI6: 1.125 | BJ6: =(COUNTIFS($B$13:$B$37, "<=" & BH6, $C$13:$C$37, ">" & BH6))+COUNTIFS($Q$13:$Q$37, "<=" & BI6, $R$13:$R$37, ">" & BI6) -> 0 | BK6: =(COUNTIFS($D$13:$D$37, "<=" & BH6, $E$13:$E$37, ">" & BH6))+COUNTIFS($B$13:$B$37, "<=" & BI6, $C$13:$C$37, ">" & BI6) -> 0 | BL6: =(COUNTIFS($F$13:$F$37, "<=" & BH6, $G$13:$G$37, ">" & BH6))+COUNTIFS($D$13:$D$37, "<=" & BI6, $E$13:$E$37, ">" & BI6) -> 0 | BM6: =(COUNTIFS($H$13:$H$37, "<=" & BH6, $I$13:$I$37, ">" & BH6))+COUNTIFS($F$13:$F$37, "<=" & BI6, $G$13:$G$37, ">" & BI6) -> 0 | BN6: =(COUNTIFS($J$13:$J$37, "<=" & BH6, $K$13:$K$37, ">" & BH6))+COUNTIFS($H$13:$H$37, "<=" & BI6, $I$13:$I$37, ">" & BI6) -> 0 | BO6: =(COUNTIFS($L$13:$L$37, "<=" & BH6, $M$13:$M$37, ">" & BH6))+COUNTIFS($J$13:$J$37, "<=" & BI6, $K$13:$K$37, ">" & BI6) -> 0 | BP6: =(COUNTIFS($N$13:$N$37, "<=" & BH6, $O$13:$O$37, ">" & BH6))+COUNTIFS($L$13:$L$37, "<=" & BI6, $M$13:$M$37, ">" & BI6) -> 0 | BS6: 0.125 | BT6: 1.125 | BU6: =COUNTIFS(Q:Q, "<=" & BT6, R:R, ">" & BT6)+COUNTIFS(B:B, "<=" & BS6, C:C, ">" & BS6) -> 0 | BV6: =COUNTIFS(B:B, "<=" & BT6, C:C, ">" & BT6)+COUNTIFS(D:D, "<=" & BS6, E:E, ">" & BS6) -> 0 | BW6: =COUNTIFS(D:D, "<=" & BT6, E:E, ">" & BT6)+COUNTIFS(F:F, "<=" & BS6, G:G, ">" & BS6) -> 0 | BX6: =COUNTIFS(F:F, "<=" & BT6, G:G, ">" & BT6)+COUNTIFS(H:H, "<=" & BS6, I:I, ">" & BS6) -> 0 | BY6: =COUNTIFS(H:H, "<=" & BT6, I:I, ">" & BT6)+COUNTIFS(J:J, "<=" & BS6, K:K, ">" & BS6) -> 0 | BZ6: =COUNTIFS(J:J, "<=" & BT6, K:K, ">" & BT6)+COUNTIFS(L:L, "<=" & BS6, M:M, ">" & BS6) -> 0 | CA6: =COUNTIFS(N:N, "<=" & BS6, O:O, ">" & BS6)+COUNTIFS(L:L, "<=" & BT6, M:M, ">" & BT6) -> 0 | CB6: =COUNTIFS(T:T, "<=" & BS6, U:U, ">" & BS6)+COUNTIFS(N:N, "<=" & BT6, O:O, ">" & BT6) -> 0 | CC6: =COUNTIFS(V:V, "<=" & BS6, W:W, ">" & BS6)+COUNTIFS(T:T, "<=" & BT6, U:U, ">" & BT6) -> 0 | CD6: =COUNTIFS(X:X, "<=" & BS6, Y:Y, ">" & BS6)+COUNTIFS(V:V, "<=" & BT6, W:W, ">" & BT6) -> 0 | CE6: =COUNTIFS(Z:Z, "<=" & BS6, AA:AA, ">" & BS6)+COUNTIFS(X:X, "<=" & BT6, Y:Y, ">" & BT6) -> 0 | CF6: =COUNTIFS(AB:AB, "<=" & BS6, AC:AC, ">" & BS6)+COUNTIFS(Z:Z, "<=" & BT6, AA:AA, ">" & BT6) -> 0 | CG6: =COUNTIFS(AD:AD, "<=" & BS6, AE:AE, ">" & BS6)+COUNTIFS(AB:AB, "<=" & BT6, AC:AC, ">" & BT6) -> 0 | CH6: =COUNTIFS(AF:AF, "<=" & BS6, AG:AG, ">" & BS6)+COUNTIFS(AD:AD, "<=" & BT6, AE:AE, ">" & BT6) -> 0 | CI6: =COUNTIFS(AI:AI, "<=" & BS6, AJ:AJ, ">" & BS6)+COUNTIFS(AF:AF, "<=" & BT6, AG:AG, ">" & BT6) -> 0 | CJ6: =COUNTIFS(AK:AK, "<=" & BS6, AL:AL, ">" & BS6)+COUNTIFS(AI:AI, "<=" & BT6, AJ:AJ, ">" & BT6) -> 0 | CK6: =COUNTIFS(AM:AM, "<=" & BS6, AN:AN, ">" & BS6)+COUNTIFS(AK:AK, "<=" & BT6, AL:AL, ">" & BT6) -> 0 | CL6: =COUNTIFS(AO:AO, "<=" & BS6, AP:AP, ">" & BS6)+COUNTIFS(AM:AM, "<=" & BT6, AN:AN, ">" & BT6) -> 0 | CM6: =COUNTIFS(AQ:AQ, "<=" & BS6, AR:AR, ">" & BS6)+COUNTIFS(AO:AO, "<=" & BT6, AP:AP, ">" & BT6) -> 0 | CN6: =COUNTIFS(AS:AS, "<=" & BS6, AT:AT, ">" & BS6)+COUNTIFS(AQ:AQ, "<=" & BT6, AR:AR, ">" & BT6) -> 0 | CO6: =COUNTIFS(AU:AU, "<=" & BS6, AV:AV, ">" & BS6)+COUNTIFS(AS:AS, "<=" & BT6, AT:AT, ">" & BT6) -> 0
A7: ='Nesting Phone time'!B8 -> Jenel Prieto Advincula | B7: =IFERROR(VLOOKUP(A7,'Nesting Phone time'!B:I,2,),"-") -> 0.58333333 | C7: =IFERROR(IF(B7="PTO", "PTO", IF(B7="OFF","OFF",B7 + TIME(9,0,0))),"-") -> 0.95833333 | D7: =IFERROR(VLOOKUP(A7,'Nesting Phone time'!B:I,3,),"-") -> OFF | E7: =IFERROR(IF(D7="PTO", "PTO", IF(D7="OFF","OFF",D7 + TIME(9,0,0))),"-") -> OFF | F7: =IFERROR(VLOOKUP(A7,'Nesting Phone time'!B:I,4,),"-") -> 0.58333333 | G7: =IFERROR(IF(F7="PTO", "PTO", IF(F7="OFF","OFF",F7 + TIME(9,0,0))),"-") -> 0.95833333 | H7: =IFERROR(VLOOKUP(A7,'Nesting Phone time'!B:I,5,),"-") -> 0.58333333 | I7: =IFERROR(IF(H7="PTO", "PTO", IF(H7="OFF","OFF",H7 + TIME(9,0,0))),"-") -> 0.95833333 | J7: =IFERROR(VLOOKUP(A7,'Nesting Phone time'!B:I,6,),"-") -> 0.58333333 | K7: =IFERROR(IF(J7="PTO", "PTO", IF(J7="OFF","OFF",J7 + TIME(9,0,0))),"-") -> 0.95833333 | L7: =IFERROR(VLOOKUP(A7,'Nesting Phone time'!B:I,7,),"-") -> OFF | M7: =IFERROR(IF(L7="PTO", "PTO", IF(L7="OFF","OFF",L7 + TIME(9,0,0))),"-") -> OFF | N7: =IFERROR(VLOOKUP(A7,'Nesting Phone time'!B:I,8,),"-") -> 0.58333333 | O7: =IFERROR(IF(N7="PTO", "PTO", IF(N7="OFF","OFF",N7 + TIME(9,0,0))),"-") -> 0.95833333 | Q7: =IFERROR(VLOOKUP(A7,'Nesting Phone time'!B:Y,24,),"-") -> 0.58333333 | R7: =IFERROR(IF(Q7="PTO", "PTO", IF(Q7="OFF","OFF",Q7 + TIME(9,0,0))),"-") -> 0.95833333 | T7: =IFERROR(VLOOKUP(A7,'Nesting Phone time'!$B:$J,9,),"-") -> 0.58333333 | U7: =IFERROR(IF(T7="PTO", "PTO", IF(T7="OFF","OFF",T7 + TIME(9,0,0))),"-") -> 0.95833333 | V7: =IFERROR(VLOOKUP(A7,'Nesting Phone time'!B:K,10,),"-") -> 0.58333333 | W7: =IFERROR(IF(V7="PTO", "PTO", IF(V7="OFF","OFF",V7 + TIME(9,0,0))),"-") -> 0.95833333 | X7: =IFERROR(VLOOKUP(A7,'Nesting Phone time'!B:L,11,),"-") -> 0.58333333 | Y7: =IFERROR(IF(X7="PTO", "PTO", IF(X7="OFF","OFF",X7 + TIME(9,0,0))),"-") -> 0.95833333 | Z7: =IFERROR(VLOOKUP(A7,'Nesting Phone time'!B:M,12,),"-") -> 0.58333333 | AA7: =IFERROR(IF(Z7="PTO", "PTO", IF(Z7="OFF","OFF",Z7 + TIME(9,0,0))),"-") -> 0.95833333 | AB7: =IFERROR(VLOOKUP(A7,'Nesting Phone time'!B:N,13,),"-") -> OFF | AC7: =IFERROR(IF(AB7="PTO", "PTO", IF(AB7="OFF","OFF",AB7 + TIME(9,0,0))),"-") -> OFF | AD7: =IFERROR(VLOOKUP(A7,'Nesting Phone time'!B:O,14,),"-") -> OFF | AE7: =IFERROR(IF(AD7="PTO", "PTO", IF(AD7="OFF","OFF",AD7 + TIME(9,0,0))),"-") -> OFF | AF7: =IFERROR(VLOOKUP(A7,'Nesting Phone time'!B:P,15,),"-") -> 0.58333333 | AG7: =IFERROR(IF(AF7="PTO", "PTO", IF(AF7="OFF","OFF",AF7 + TIME(9,0,0))),"-") -> 0.95833333 | AI7: =IFERROR(VLOOKUP(A7,'Nesting Phone time'!$B:$Q,16,),"-") -> 0.58333333 | AJ7: =IFERROR(IF(AI7="PTO", "PTO", IF(AI7="OFF","OFF",AI7 + TIME(9,0,0))),"-") -> 0.95833333 | AK7: =IFERROR(VLOOKUP(A7,'Nesting Phone time'!B:R,17,),"-") -> 0.58333333 | AL7: =IFERROR(IF(AK7="PTO", "PTO", IF(AK7="OFF","OFF",AK7 + TIME(9,0,0))),"-") -> 0.95833333 | AM7: =IFERROR(VLOOKUP(A7,'Nesting Phone time'!B:S,18,),"-") -> 0.58333333 | AN7: =IFERROR(IF(AM7="PTO", "PTO", IF(AM7="OFF","OFF",AM7 + TIME(9,0,0))),"-") -> 0.95833333 | AO7: =IFERROR(VLOOKUP(A7,'Nesting Phone time'!B:T,19,),"-") -> 0.58333333 | AP7: =IFERROR(IF(AO7="PTO", "PTO", IF(AO7="OFF","OFF",AO7 + TIME(9,0,0))),"-") -> 0.95833333 | AQ7: =IFERROR(VLOOKUP(A7,'Nesting Phone time'!B:U,20,),"-") -> OFF | AR7: =IFERROR(IF(AQ7="PTO", "PTO", IF(AQ7="OFF","OFF",AQ7 + TIME(9,0,0))),"-") -> OFF | AS7: =IFERROR(VLOOKUP(A7,'Nesting Phone time'!B:V,21,),"-") -> OFF | AT7: =IFERROR(IF(AS7="PTO", "PTO", IF(AS7="OFF","OFF",AS7 + TIME(9,0,0))),"-") -> OFF | AU7: =IFERROR(VLOOKUP(A7,'Nesting Phone time'!B:W,22,),"-") -> 0.58333333 | AV7: =IFERROR(IF(AU7="PTO", "PTO", IF(AU7="OFF","OFF",AU7 + TIME(9,0,0))),"-") -> 0.95833333 | AX7: 0.16666667 | AY7: 1.1666667 | AZ7: =(COUNTIFS($B$3:$B$12, "<=" & AX7, $C$3:$C$12, ">" & AX7))+COUNTIFS($Q$3:$Q$12, "<=" & AY7, $R$3:$R$12, ">" & AY7) -> 0 | BA7: =(COUNTIFS($D$3:$D$12, "<=" & AX7, $E$3:$E$12, ">" & AX7))+COUNTIFS($B$3:$B$12, "<=" & AY7, $C$3:$C$12, ">" & AY7) -> 0 | BB7: =(COUNTIFS($F$3:$F$12, "<=" & AX7, $G$3:$G$12, ">" & AX7))+COUNTIFS($D$3:$D$12, "<=" & AY7, $E$3:$E$12, ">" & AY7) -> 0 | BC7: =(COUNTIFS($H$3:$H$12, "<=" & AX7, $I$3:$I$12, ">" & AX7))+COUNTIFS($F$3:$F$12, "<=" & AY7, $G$3:$G$12, ">" & AY7) -> 0 | BD7: =(COUNTIFS($J$3:$J$12, "<=" & AX7, $K$3:$K$12, ">" & AX7))+COUNTIFS($H$3:$H$12, "<=" & AY7, $I$3:$I$12, ">" & AY7) -> 0 | BE7: =(COUNTIFS($L$3:$L$12, "<=" & AX7, $M$3:$M$12, ">" & AX7))+COUNTIFS($J$3:$J$12, "<=" & AY7, $K$3:$K$12, ">" & AY7) -> 0 | BF7: =(COUNTIFS($N$3:$N$12, "<=" & AX7, $O$3:$O$12, ">" & AX7))+COUNTIFS($L$3:$L$12, "<=" & AY7, $M$3:$M$12, ">" & AY7) -> 0 | BH7: 0.16666667 | BI7: 1.1666667 | BJ7: =(COUNTIFS($B$13:$B$37, "<=" & BH7, $C$13:$C$37, ">" & BH7))+COUNTIFS($Q$13:$Q$37, "<=" & BI7, $R$13:$R$37, ">" & BI7) -> 0 | BK7: =(COUNTIFS($D$13:$D$37, "<=" & BH7, $E$13:$E$37, ">" & BH7))+COUNTIFS($B$13:$B$37, "<=" & BI7, $C$13:$C$37, ">" & BI7) -> 0 | BL7: =(COUNTIFS($F$13:$F$37, "<=" & BH7, $G$13:$G$37, ">" & BH7))+COUNTIFS($D$13:$D$37, "<=" & BI7, $E$13:$E$37, ">" & BI7) -> 0 | BM7: =(COUNTIFS($H$13:$H$37, "<=" & BH7, $I$13:$I$37, ">" & BH7))+COUNTIFS($F$13:$F$37, "<=" & BI7, $G$13:$G$37, ">" & BI7) -> 0 | BN7: =(COUNTIFS($J$13:$J$37, "<=" & BH7, $K$13:$K$37, ">" & BH7))+COUNTIFS($H$13:$H$37, "<=" & BI7, $I$13:$I$37, ">" & BI7) -> 0 | BO7: =(COUNTIFS($L$13:$L$37, "<=" & BH7, $M$13:$M$37, ">" & BH7))+COUNTIFS($J$13:$J$37, "<=" & BI7, $K$13:$K$37, ">" & BI7) -> 0 | BP7: =(COUNTIFS($N$13:$N$37, "<=" & BH7, $O$13:$O$37, ">" & BH7))+COUNTIFS($L$13:$L$37, "<=" & BI7, $M$13:$M$37, ">" & BI7) -> 0 | BS7: 0.16666667 | BT7: 1.1666667 | BU7: =COUNTIFS(Q:Q, "<=" & BT7, R:R, ">" & BT7)+COUNTIFS(B:B, "<=" & BS7, C:C, ">" & BS7) -> 0 | BV7: =COUNTIFS(B:B, "<=" & BT7, C:C, ">" & BT7)+COUNTIFS(D:D, "<=" & BS7, E:E, ">" & BS7) -> 0 | BW7: =COUNTIFS(D:D, "<=" & BT7, E:E, ">" & BT7)+COUNTIFS(F:F, "<=" & BS7, G:G, ">" & BS7) -> 0 | BX7: =COUNTIFS(F:F, "<=" & BT7, G:G, ">" & BT7)+COUNTIFS(H:H, "<=" & BS7, I:I, ">" & BS7) -> 0 | BY7: =COUNTIFS(H:H, "<=" & BT7, I:I, ">" & BT7)+COUNTIFS(J:J, "<=" & BS7, K:K, ">" & BS7) -> 0 | BZ7: =COUNTIFS(J:J, "<=" & BT7, K:K, ">" & BT7)+COUNTIFS(L:L, "<=" & BS7, M:M, ">" & BS7) -> 0 | CA7: =COUNTIFS(N:N, "<=" & BS7, O:O, ">" & BS7)+COUNTIFS(L:L, "<=" & BT7, M:M, ">" & BT7) -> 0 | CB7: =COUNTIFS(T:T, "<=" & BS7, U:U, ">" & BS7)+COUNTIFS(N:N, "<=" & BT7, O:O, ">" & BT7) -> 0 | CC7: =COUNTIFS(V:V, "<=" & BS7, W:W, ">" & BS7)+COUNTIFS(T:T, "<=" & BT7, U:U, ">" & BT7) -> 0 | CD7: =COUNTIFS(X:X, "<=" & BS7, Y:Y, ">" & BS7)+COUNTIFS(V:V, "<=" & BT7, W:W, ">" & BT7) -> 0 | CE7: =COUNTIFS(Z:Z, "<=" & BS7, AA:AA, ">" & BS7)+COUNTIFS(X:X, "<=" & BT7, Y:Y, ">" & BT7) -> 0 | CF7: =COUNTIFS(AB:AB, "<=" & BS7, AC:AC, ">" & BS7)+COUNTIFS(Z:Z, "<=" & BT7, AA:AA, ">" & BT7) -> 0 | CG7: =COUNTIFS(AD:AD, "<=" & BS7, AE:AE, ">" & BS7)+COUNTIFS(AB:AB, "<=" & BT7, AC:AC, ">" & BT7) -> 0 | CH7: =COUNTIFS(AF:AF, "<=" & BS7, AG:AG, ">" & BS7)+COUNTIFS(AD:AD, "<=" & BT7, AE:AE, ">" & BT7) -> 0 | CI7: =COUNTIFS(AI:AI, "<=" & BS7, AJ:AJ, ">" & BS7)+COUNTIFS(AF:AF, "<=" & BT7, AG:AG, ">" & BT7) -> 0 | CJ7: =COUNTIFS(AK:AK, "<=" & BS7, AL:AL, ">" & BS7)+COUNTIFS(AI:AI, "<=" & BT7, AJ:AJ, ">" & BT7) -> 0 | CK7: =COUNTIFS(AM:AM, "<=" & BS7, AN:AN, ">" & BS7)+COUNTIFS(AK:AK, "<=" & BT7, AL:AL, ">" & BT7) -> 0 | CL7: =COUNTIFS(AO:AO, "<=" & BS7, AP:AP, ">" & BS7)+COUNTIFS(AM:AM, "<=" & BT7, AN:AN, ">" & BT7) -> 0 | CM7: =COUNTIFS(AQ:AQ, "<=" & BS7, AR:AR, ">" & BS7)+COUNTIFS(AO:AO, "<=" & BT7, AP:AP, ">" & BT7) -> 0 | CN7: =COUNTIFS(AS:AS, "<=" & BS7, AT:AT, ">" & BS7)+COUNTIFS(AQ:AQ, "<=" & BT7, AR:AR, ">" & BT7) -> 0 | CO7: =COUNTIFS(AU:AU, "<=" & BS7, AV:AV, ">" & BS7)+COUNTIFS(AS:AS, "<=" & BT7, AT:AT, ">" & BT7) -> 0
A8: ='Nesting Phone time'!B9 -> John Federico Alfonso Tribunal Teruel | B8: =IFERROR(VLOOKUP(A8,'Nesting Phone time'!B:I,2,),"-") -> 0.58333333 | C8: =IFERROR(IF(B8="PTO", "PTO", IF(B8="OFF","OFF",B8 + TIME(9,0,0))),"-") -> 0.95833333 | D8: =IFERROR(VLOOKUP(A8,'Nesting Phone time'!B:I,3,),"-") -> OFF | E8: =IFERROR(IF(D8="PTO", "PTO", IF(D8="OFF","OFF",D8 + TIME(9,0,0))),"-") -> OFF | F8: =IFERROR(VLOOKUP(A8,'Nesting Phone time'!B:I,4,),"-") -> 0.58333333 | G8: =IFERROR(IF(F8="PTO", "PTO", IF(F8="OFF","OFF",F8 + TIME(9,0,0))),"-") -> 0.95833333 | H8: =IFERROR(VLOOKUP(A8,'Nesting Phone time'!B:I,5,),"-") -> 0.58333333 | I8: =IFERROR(IF(H8="PTO", "PTO", IF(H8="OFF","OFF",H8 + TIME(9,0,0))),"-") -> 0.95833333 | J8: =IFERROR(VLOOKUP(A8,'Nesting Phone time'!B:I,6,),"-") -> 0.58333333 | K8: =IFERROR(IF(J8="PTO", "PTO", IF(J8="OFF","OFF",J8 + TIME(9,0,0))),"-") -> 0.95833333 | L8: =IFERROR(VLOOKUP(A8,'Nesting Phone time'!B:I,7,),"-") -> OFF | M8: =IFERROR(IF(L8="PTO", "PTO", IF(L8="OFF","OFF",L8 + TIME(9,0,0))),"-") -> OFF | N8: =IFERROR(VLOOKUP(A8,'Nesting Phone time'!B:I,8,),"-") -> 0.58333333 | O8: =IFERROR(IF(N8="PTO", "PTO", IF(N8="OFF","OFF",N8 + TIME(9,0,0))),"-") -> 0.95833333 | Q8: =IFERROR(VLOOKUP(A8,'Nesting Phone time'!B:Y,24,),"-") -> 0.58333333 | R8: =IFERROR(IF(Q8="PTO", "PTO", IF(Q8="OFF","OFF",Q8 + TIME(9,0,0))),"-") -> 0.95833333 | T8: =IFERROR(VLOOKUP(A8,'Nesting Phone time'!$B:$J,9,),"-") -> 0.58333333 | U8: =IFERROR(IF(T8="PTO", "PTO", IF(T8="OFF","OFF",T8 + TIME(9,0,0))),"-") -> 0.95833333 | V8: =IFERROR(VLOOKUP(A8,'Nesting Phone time'!B:K,10,),"-") -> 0.58333333 | W8: =IFERROR(IF(V8="PTO", "PTO", IF(V8="OFF","OFF",V8 + TIME(9,0,0))),"-") -> 0.95833333 | X8: =IFERROR(VLOOKUP(A8,'Nesting Phone time'!B:L,11,),"-") -> 0.58333333 | Y8: =IFERROR(IF(X8="PTO", "PTO", IF(X8="OFF","OFF",X8 + TIME(9,0,0))),"-") -> 0.95833333 | Z8: =IFERROR(VLOOKUP(A8,'Nesting Phone time'!B:M,12,),"-") -> 0.58333333 | AA8: =IFERROR(IF(Z8="PTO", "PTO", IF(Z8="OFF","OFF",Z8 + TIME(9,0,0))),"-") -> 0.95833333 | AB8: =IFERROR(VLOOKUP(A8,'Nesting Phone time'!B:N,13,),"-") -> OFF | AC8: =IFERROR(IF(AB8="PTO", "PTO", IF(AB8="OFF","OFF",AB8 + TIME(9,0,0))),"-") -> OFF | AD8: =IFERROR(VLOOKUP(A8,'Nesting Phone time'!B:O,14,),"-") -> OFF | AE8: =IFERROR(IF(AD8="PTO", "PTO", IF(AD8="OFF","OFF",AD8 + TIME(9,0,0))),"-") -> OFF | AF8: =IFERROR(VLOOKUP(A8,'Nesting Phone time'!B:P,15,),"-") -> 0.58333333 | AG8: =IFERROR(IF(AF8="PTO", "PTO", IF(AF8="OFF","OFF",AF8 + TIME(9,0,0))),"-") -> 0.95833333 | AI8: =IFERROR(VLOOKUP(A8,'Nesting Phone time'!$B:$Q,16,),"-") -> 0.58333333 | AJ8: =IFERROR(IF(AI8="PTO", "PTO", IF(AI8="OFF","OFF",AI8 + TIME(9,0,0))),"-") -> 0.95833333 | AK8: =IFERROR(VLOOKUP(A8,'Nesting Phone time'!B:R,17,),"-") -> 0.58333333 | AL8: =IFERROR(IF(AK8="PTO", "PTO", IF(AK8="OFF","OFF",AK8 + TIME(9,0,0))),"-") -> 0.95833333 | AM8: =IFERROR(VLOOKUP(A8,'Nesting Phone time'!B:S,18,),"-") -> 0.58333333 | AN8: =IFERROR(IF(AM8="PTO", "PTO", IF(AM8="OFF","OFF",AM8 + TIME(9,0,0))),"-") -> 0.95833333 | AO8: =IFERROR(VLOOKUP(A8,'Nesting Phone time'!B:T,19,),"-") -> 0.58333333 | AP8: =IFERROR(IF(AO8="PTO", "PTO", IF(AO8="OFF","OFF",AO8 + TIME(9,0,0))),"-") -> 0.95833333 | AQ8: =IFERROR(VLOOKUP(A8,'Nesting Phone time'!B:U,20,),"-") -> OFF | AR8: =IFERROR(IF(AQ8="PTO", "PTO", IF(AQ8="OFF","OFF",AQ8 + TIME(9,0,0))),"-") -> OFF | AS8: =IFERROR(VLOOKUP(A8,'Nesting Phone time'!B:V,21,),"-") -> OFF | AT8: =IFERROR(IF(AS8="PTO", "PTO", IF(AS8="OFF","OFF",AS8 + TIME(9,0,0))),"-") -> OFF | AU8: =IFERROR(VLOOKUP(A8,'Nesting Phone time'!B:W,22,),"-") -> 0.58333333 | AV8: =IFERROR(IF(AU8="PTO", "PTO", IF(AU8="OFF","OFF",AU8 + TIME(9,0,0))),"-") -> 0.95833333 | AX8: 0.20833333 | AY8: 1.2083333 | AZ8: =(COUNTIFS($B$3:$B$12, "<=" & AX8, $C$3:$C$12, ">" & AX8))+COUNTIFS($Q$3:$Q$12, "<=" & AY8, $R$3:$R$12, ">" & AY8) -> 0 | BA8: =(COUNTIFS($D$3:$D$12, "<=" & AX8, $E$3:$E$12, ">" & AX8))+COUNTIFS($B$3:$B$12, "<=" & AY8, $C$3:$C$12, ">" & AY8) -> 0 | BB8: =(COUNTIFS($F$3:$F$12, "<=" & AX8, $G$3:$G$12, ">" & AX8))+COUNTIFS($D$3:$D$12, "<=" & AY8, $E$3:$E$12, ">" & AY8) -> 0 | BC8: =(COUNTIFS($H$3:$H$12, "<=" & AX8, $I$3:$I$12, ">" & AX8))+COUNTIFS($F$3:$F$12, "<=" & AY8, $G$3:$G$12, ">" & AY8) -> 0 | BD8: =(COUNTIFS($J$3:$J$12, "<=" & AX8, $K$3:$K$12, ">" & AX8))+COUNTIFS($H$3:$H$12, "<=" & AY8, $I$3:$I$12, ">" & AY8) -> 0 | BE8: =(COUNTIFS($L$3:$L$12, "<=" & AX8, $M$3:$M$12, ">" & AX8))+COUNTIFS($J$3:$J$12, "<=" & AY8, $K$3:$K$12, ">" & AY8) -> 0 | BF8: =(COUNTIFS($N$3:$N$12, "<=" & AX8, $O$3:$O$12, ">" & AX8))+COUNTIFS($L$3:$L$12, "<=" & AY8, $M$3:$M$12, ">" & AY8) -> 0 | BH8: 0.20833333 | BI8: 1.2083333 | BJ8: =(COUNTIFS($B$13:$B$37, "<=" & BH8, $C$13:$C$37, ">" & BH8))+COUNTIFS($Q$13:$Q$37, "<=" & BI8, $R$13:$R$37, ">" & BI8) -> 0 | BK8: =(COUNTIFS($D$13:$D$37, "<=" & BH8, $E$13:$E$37, ">" & BH8))+COUNTIFS($B$13:$B$37, "<=" & BI8, $C$13:$C$37, ">" & BI8) -> 0 | BL8: =(COUNTIFS($F$13:$F$37, "<=" & BH8, $G$13:$G$37, ">" & BH8))+COUNTIFS($D$13:$D$37, "<=" & BI8, $E$13:$E$37, ">" & BI8) -> 0 | BM8: =(COUNTIFS($H$13:$H$37, "<=" & BH8, $I$13:$I$37, ">" & BH8))+COUNTIFS($F$13:$F$37, "<=" & BI8, $G$13:$G$37, ">" & BI8) -> 0 | BN8: =(COUNTIFS($J$13:$J$37, "<=" & BH8, $K$13:$K$37, ">" & BH8))+COUNTIFS($H$13:$H$37, "<=" & BI8, $I$13:$I$37, ">" & BI8) -> 0 | BO8: =(COUNTIFS($L$13:$L$37, "<=" & BH8, $M$13:$M$37, ">" & BH8))+COUNTIFS($J$13:$J$37, "<=" & BI8, $K$13:$K$37, ">" & BI8) -> 0 | BP8: =(COUNTIFS($N$13:$N$37, "<=" & BH8, $O$13:$O$37, ">" & BH8))+COUNTIFS($L$13:$L$37, "<=" & BI8, $M$13:$M$37, ">" & BI8) -> 0 | BS8: 0.20833333 | BT8: 1.2083333 | BU8: =COUNTIFS(Q:Q, "<=" & BT8, R:R, ">" & BT8)+COUNTIFS(B:B, "<=" & BS8, C:C, ">" & BS8) -> 0 | BV8: =COUNTIFS(B:B, "<=" & BT8, C:C, ">" & BT8)+COUNTIFS(D:D, "<=" & BS8, E:E, ">" & BS8) -> 0 | BW8: =COUNTIFS(D:D, "<=" & BT8, E:E, ">" & BT8)+COUNTIFS(F:F, "<=" & BS8, G:G, ">" & BS8) -> 0 | BX8: =COUNTIFS(F:F, "<=" & BT8, G:G, ">" & BT8)+COUNTIFS(H:H, "<=" & BS8, I:I, ">" & BS8) -> 0 | BY8: =COUNTIFS(H:H, "<=" & BT8, I:I, ">" & BT8)+COUNTIFS(J:J, "<=" & BS8, K:K, ">" & BS8) -> 0 | BZ8: =COUNTIFS(J:J, "<=" & BT8, K:K, ">" & BT8)+COUNTIFS(L:L, "<=" & BS8, M:M, ">" & BS8) -> 0 | CA8: =COUNTIFS(N:N, "<=" & BS8, O:O, ">" & BS8)+COUNTIFS(L:L, "<=" & BT8, M:M, ">" & BT8) -> 0 | CB8: =COUNTIFS(T:T, "<=" & BS8, U:U, ">" & BS8)+COUNTIFS(N:N, "<=" & BT8, O:O, ">" & BT8) -> 0 | CC8: =COUNTIFS(V:V, "<=" & BS8, W:W, ">" & BS8)+COUNTIFS(T:T, "<=" & BT8, U:U, ">" & BT8) -> 0 | CD8: =COUNTIFS(X:X, "<=" & BS8, Y:Y, ">" & BS8)+COUNTIFS(V:V, "<=" & BT8, W:W, ">" & BT8) -> 0 | CE8: =COUNTIFS(Z:Z, "<=" & BS8, AA:AA, ">" & BS8)+COUNTIFS(X:X, "<=" & BT8, Y:Y, ">" & BT8) -> 0 | CF8: =COUNTIFS(AB:AB, "<=" & BS8, AC:AC, ">" & BS8)+COUNTIFS(Z:Z, "<=" & BT8, AA:AA, ">" & BT8) -> 0 | CG8: =COUNTIFS(AD:AD, "<=" & BS8, AE:AE, ">" & BS8)+COUNTIFS(AB:AB, "<=" & BT8, AC:AC, ">" & BT8) -> 0 | CH8: =COUNTIFS(AF:AF, "<=" & BS8, AG:AG, ">" & BS8)+COUNTIFS(AD:AD, "<=" & BT8, AE:AE, ">" & BT8) -> 0 | CI8: =COUNTIFS(AI:AI, "<=" & BS8, AJ:AJ, ">" & BS8)+COUNTIFS(AF:AF, "<=" & BT8, AG:AG, ">" & BT8) -> 0 | CJ8: =COUNTIFS(AK:AK, "<=" & BS8, AL:AL, ">" & BS8)+COUNTIFS(AI:AI, "<=" & BT8, AJ:AJ, ">" & BT8) -> 0 | CK8: =COUNTIFS(AM:AM, "<=" & BS8, AN:AN, ">" & BS8)+COUNTIFS(AK:AK, "<=" & BT8, AL:AL, ">" & BT8) -> 0 | CL8: =COUNTIFS(AO:AO, "<=" & BS8, AP:AP, ">" & BS8)+COUNTIFS(AM:AM, "<=" & BT8, AN:AN, ">" & BT8) -> 0 | CM8: =COUNTIFS(AQ:AQ, "<=" & BS8, AR:AR, ">" & BS8)+COUNTIFS(AO:AO, "<=" & BT8, AP:AP, ">" & BT8) -> 0 | CN8: =COUNTIFS(AS:AS, "<=" & BS8, AT:AT, ">" & BS8)+COUNTIFS(AQ:AQ, "<=" & BT8, AR:AR, ">" & BT8) -> 0 | CO8: =COUNTIFS(AU:AU, "<=" & BS8, AV:AV, ">" & BS8)+COUNTIFS(AS:AS, "<=" & BT8, AT:AT, ">" & BT8) -> 0
A9: ='Nesting Phone time'!B10 -> Jevel Von Bance Grate | B9: =IFERROR(VLOOKUP(A9,'Nesting Phone time'!B:I,2,),"-") -> 0.58333333 | C9: =IFERROR(IF(B9="PTO", "PTO", IF(B9="OFF","OFF",B9 + TIME(9,0,0))),"-") -> 0.95833333 | D9: =IFERROR(VLOOKUP(A9,'Nesting Phone time'!B:I,3,),"-") -> OFF | E9: =IFERROR(IF(D9="PTO", "PTO", IF(D9="OFF","OFF",D9 + TIME(9,0,0))),"-") -> OFF | F9: =IFERROR(VLOOKUP(A9,'Nesting Phone time'!B:I,4,),"-") -> 0.58333333 | G9: =IFERROR(IF(F9="PTO", "PTO", IF(F9="OFF","OFF",F9 + TIME(9,0,0))),"-") -> 0.95833333 | H9: =IFERROR(VLOOKUP(A9,'Nesting Phone time'!B:I,5,),"-") -> 0.58333333 | I9: =IFERROR(IF(H9="PTO", "PTO", IF(H9="OFF","OFF",H9 + TIME(9,0,0))),"-") -> 0.95833333 | J9: =IFERROR(VLOOKUP(A9,'Nesting Phone time'!B:I,6,),"-") -> 0.58333333 | K9: =IFERROR(IF(J9="PTO", "PTO", IF(J9="OFF","OFF",J9 + TIME(9,0,0))),"-") -> 0.95833333 | L9: =IFERROR(VLOOKUP(A9,'Nesting Phone time'!B:I,7,),"-") -> OFF | M9: =IFERROR(IF(L9="PTO", "PTO", IF(L9="OFF","OFF",L9 + TIME(9,0,0))),"-") -> OFF | N9: =IFERROR(VLOOKUP(A9,'Nesting Phone time'!B:I,8,),"-") -> 0.58333333 | O9: =IFERROR(IF(N9="PTO", "PTO", IF(N9="OFF","OFF",N9 + TIME(9,0,0))),"-") -> 0.95833333 | Q9: =IFERROR(VLOOKUP(A9,'Nesting Phone time'!B:Y,24,),"-") -> 0.58333333 | R9: =IFERROR(IF(Q9="PTO", "PTO", IF(Q9="OFF","OFF",Q9 + TIME(9,0,0))),"-") -> 0.95833333 | T9: =IFERROR(VLOOKUP(A9,'Nesting Phone time'!$B:$J,9,),"-") -> 0.58333333 | U9: =IFERROR(IF(T9="PTO", "PTO", IF(T9="OFF","OFF",T9 + TIME(9,0,0))),"-") -> 0.95833333 | V9: =IFERROR(VLOOKUP(A9,'Nesting Phone time'!B:K,10,),"-") -> 0.58333333 | W9: =IFERROR(IF(V9="PTO", "PTO", IF(V9="OFF","OFF",V9 + TIME(9,0,0))),"-") -> 0.95833333 | X9: =IFERROR(VLOOKUP(A9,'Nesting Phone time'!B:L,11,),"-") -> 0.58333333 | Y9: =IFERROR(IF(X9="PTO", "PTO", IF(X9="OFF","OFF",X9 + TIME(9,0,0))),"-") -> 0.95833333 | Z9: =IFERROR(VLOOKUP(A9,'Nesting Phone time'!B:M,12,),"-") -> 0.58333333 | AA9: =IFERROR(IF(Z9="PTO", "PTO", IF(Z9="OFF","OFF",Z9 + TIME(9,0,0))),"-") -> 0.95833333 | AB9: =IFERROR(VLOOKUP(A9,'Nesting Phone time'!B:N,13,),"-") -> OFF | AC9: =IFERROR(IF(AB9="PTO", "PTO", IF(AB9="OFF","OFF",AB9 + TIME(9,0,0))),"-") -> OFF | AD9: =IFERROR(VLOOKUP(A9,'Nesting Phone time'!B:O,14,),"-") -> OFF | AE9: =IFERROR(IF(AD9="PTO", "PTO", IF(AD9="OFF","OFF",AD9 + TIME(9,0,0))),"-") -> OFF | AF9: =IFERROR(VLOOKUP(A9,'Nesting Phone time'!B:P,15,),"-") -> 0.58333333 | AG9: =IFERROR(IF(AF9="PTO", "PTO", IF(AF9="OFF","OFF",AF9 + TIME(9,0,0))),"-") -> 0.95833333 | AI9: =IFERROR(VLOOKUP(A9,'Nesting Phone time'!$B:$Q,16,),"-") -> 0.58333333 | AJ9: =IFERROR(IF(AI9="PTO", "PTO", IF(AI9="OFF","OFF",AI9 + TIME(9,0,0))),"-") -> 0.95833333 | AK9: =IFERROR(VLOOKUP(A9,'Nesting Phone time'!B:R,17,),"-") -> 0.58333333 | AL9: =IFERROR(IF(AK9="PTO", "PTO", IF(AK9="OFF","OFF",AK9 + TIME(9,0,0))),"-") -> 0.95833333 | AM9: =IFERROR(VLOOKUP(A9,'Nesting Phone time'!B:S,18,),"-") -> 0.58333333 | AN9: =IFERROR(IF(AM9="PTO", "PTO", IF(AM9="OFF","OFF",AM9 + TIME(9,0,0))),"-") -> 0.95833333 | AO9: =IFERROR(VLOOKUP(A9,'Nesting Phone time'!B:T,19,),"-") -> 0.58333333 | AP9: =IFERROR(IF(AO9="PTO", "PTO", IF(AO9="OFF","OFF",AO9 + TIME(9,0,0))),"-") -> 0.95833333 | AQ9: =IFERROR(VLOOKUP(A9,'Nesting Phone time'!B:U,20,),"-") -> OFF | AR9: =IFERROR(IF(AQ9="PTO", "PTO", IF(AQ9="OFF","OFF",AQ9 + TIME(9,0,0))),"-") -> OFF | AS9: =IFERROR(VLOOKUP(A9,'Nesting Phone time'!B:V,21,),"-") -> OFF | AT9: =IFERROR(IF(AS9="PTO", "PTO", IF(AS9="OFF","OFF",AS9 + TIME(9,0,0))),"-") -> OFF | AU9: =IFERROR(VLOOKUP(A9,'Nesting Phone time'!B:W,22,),"-") -> 0.58333333 | AV9: =IFERROR(IF(AU9="PTO", "PTO", IF(AU9="OFF","OFF",AU9 + TIME(9,0,0))),"-") -> 0.95833333 | AX9: 0.25 | AY9: 1.25 | AZ9: =(COUNTIFS($B$3:$B$12, "<=" & AX9, $C$3:$C$12, ">" & AX9))+COUNTIFS($Q$3:$Q$12, "<=" & AY9, $R$3:$R$12, ">" & AY9) -> 0 | BA9: =(COUNTIFS($D$3:$D$12, "<=" & AX9, $E$3:$E$12, ">" & AX9))+COUNTIFS($B$3:$B$12, "<=" & AY9, $C$3:$C$12, ">" & AY9) -> 0 | BB9: =(COUNTIFS($F$3:$F$12, "<=" & AX9, $G$3:$G$12, ">" & AX9))+COUNTIFS($D$3:$D$12, "<=" & AY9, $E$3:$E$12, ">" & AY9) -> 0 | BC9: =(COUNTIFS($H$3:$H$12, "<=" & AX9, $I$3:$I$12, ">" & AX9))+COUNTIFS($F$3:$F$12, "<=" & AY9, $G$3:$G$12, ">" & AY9) -> 0 | BD9: =(COUNTIFS($J$3:$J$12, "<=" & AX9, $K$3:$K$12, ">" & AX9))+COUNTIFS($H$3:$H$12, "<=" & AY9, $I$3:$I$12, ">" & AY9) -> 0 | BE9: =(COUNTIFS($L$3:$L$12, "<=" & AX9, $M$3:$M$12, ">" & AX9))+COUNTIFS($J$3:$J$12, "<=" & AY9, $K$3:$K$12, ">" & AY9) -> 0 | BF9: =(COUNTIFS($N$3:$N$12, "<=" & AX9, $O$3:$O$12, ">" & AX9))+COUNTIFS($L$3:$L$12, "<=" & AY9, $M$3:$M$12, ">" & AY9) -> 0 | BH9: 0.25 | BI9: 1.25 | BJ9: =(COUNTIFS($B$13:$B$37, "<=" & BH9, $C$13:$C$37, ">" & BH9))+COUNTIFS($Q$13:$Q$37, "<=" & BI9, $R$13:$R$37, ">" & BI9) -> 0 | BK9: =(COUNTIFS($D$13:$D$37, "<=" & BH9, $E$13:$E$37, ">" & BH9))+COUNTIFS($B$13:$B$37, "<=" & BI9, $C$13:$C$37, ">" & BI9) -> 0 | BL9: =(COUNTIFS($F$13:$F$37, "<=" & BH9, $G$13:$G$37, ">" & BH9))+COUNTIFS($D$13:$D$37, "<=" & BI9, $E$13:$E$37, ">" & BI9) -> 0 | BM9: =(COUNTIFS($H$13:$H$37, "<=" & BH9, $I$13:$I$37, ">" & BH9))+COUNTIFS($F$13:$F$37, "<=" & BI9, $G$13:$G$37, ">" & BI9) -> 0 | BN9: =(COUNTIFS($J$13:$J$37, "<=" & BH9, $K$13:$K$37, ">" & BH9))+COUNTIFS($H$13:$H$37, "<=" & BI9, $I$13:$I$37, ">" & BI9) -> 0 | BO9: =(COUNTIFS($L$13:$L$37, "<=" & BH9, $M$13:$M$37, ">" & BH9))+COUNTIFS($J$13:$J$37, "<=" & BI9, $K$13:$K$37, ">" & BI9) -> 0 | BP9: =(COUNTIFS($N$13:$N$37, "<=" & BH9, $O$13:$O$37, ">" & BH9))+COUNTIFS($L$13:$L$37, "<=" & BI9, $M$13:$M$37, ">" & BI9) -> 0 | BS9: 0.25 | BT9: 1.25 | BU9: =COUNTIFS(Q:Q, "<=" & BT9, R:R, ">" & BT9)+COUNTIFS(B:B, "<=" & BS9, C:C, ">" & BS9) -> 0 | BV9: =COUNTIFS(B:B, "<=" & BT9, C:C, ">" & BT9)+COUNTIFS(D:D, "<=" & BS9, E:E, ">" & BS9) -> 0 | BW9: =COUNTIFS(D:D, "<=" & BT9, E:E, ">" & BT9)+COUNTIFS(F:F, "<=" & BS9, G:G, ">" & BS9) -> 0 | BX9: =COUNTIFS(F:F, "<=" & BT9, G:G, ">" & BT9)+COUNTIFS(H:H, "<=" & BS9, I:I, ">" & BS9) -> 0 | BY9: =COUNTIFS(H:H, "<=" & BT9, I:I, ">" & BT9)+COUNTIFS(J:J, "<=" & BS9, K:K, ">" & BS9) -> 0 | BZ9: =COUNTIFS(J:J, "<=" & BT9, K:K, ">" & BT9)+COUNTIFS(L:L, "<=" & BS9, M:M, ">" & BS9) -> 0 | CA9: =COUNTIFS(N:N, "<=" & BS9, O:O, ">" & BS9)+COUNTIFS(L:L, "<=" & BT9, M:M, ">" & BT9) -> 0 | CB9: =COUNTIFS(T:T, "<=" & BS9, U:U, ">" & BS9)+COUNTIFS(N:N, "<=" & BT9, O:O, ">" & BT9) -> 0 | CC9: =COUNTIFS(V:V, "<=" & BS9, W:W, ">" & BS9)+COUNTIFS(T:T, "<=" & BT9, U:U, ">" & BT9) -> 0 | CD9: =COUNTIFS(X:X, "<=" & BS9, Y:Y, ">" & BS9)+COUNTIFS(V:V, "<=" & BT9, W:W, ">" & BT9) -> 0 | CE9: =COUNTIFS(Z:Z, "<=" & BS9, AA:AA, ">" & BS9)+COUNTIFS(X:X, "<=" & BT9, Y:Y, ">" & BT9) -> 0 | CF9: =COUNTIFS(AB:AB, "<=" & BS9, AC:AC, ">" & BS9)+COUNTIFS(Z:Z, "<=" & BT9, AA:AA, ">" & BT9) -> 0 | CG9: =COUNTIFS(AD:AD, "<=" & BS9, AE:AE, ">" & BS9)+COUNTIFS(AB:AB, "<=" & BT9, AC:AC, ">" & BT9) -> 0 | CH9: =COUNTIFS(AF:AF, "<=" & BS9, AG:AG, ">" & BS9)+COUNTIFS(AD:AD, "<=" & BT9, AE:AE, ">" & BT9) -> 0 | CI9: =COUNTIFS(AI:AI, "<=" & BS9, AJ:AJ, ">" & BS9)+COUNTIFS(AF:AF, "<=" & BT9, AG:AG, ">" & BT9) -> 0 | CJ9: =COUNTIFS(AK:AK, "<=" & BS9, AL:AL, ">" & BS9)+COUNTIFS(AI:AI, "<=" & BT9, AJ:AJ, ">" & BT9) -> 0 | CK9: =COUNTIFS(AM:AM, "<=" & BS9, AN:AN, ">" & BS9)+COUNTIFS(AK:AK, "<=" & BT9, AL:AL, ">" & BT9) -> 0 | CL9: =COUNTIFS(AO:AO, "<=" & BS9, AP:AP, ">" & BS9)+COUNTIFS(AM:AM, "<=" & BT9, AN:AN, ">" & BT9) -> 0 | CM9: =COUNTIFS(AQ:AQ, "<=" & BS9, AR:AR, ">" & BS9)+COUNTIFS(AO:AO, "<=" & BT9, AP:AP, ">" & BT9) -> 0 | CN9: =COUNTIFS(AS:AS, "<=" & BS9, AT:AT, ">" & BS9)+COUNTIFS(AQ:AQ, "<=" & BT9, AR:AR, ">" & BT9) -> 0 | CO9: =COUNTIFS(AU:AU, "<=" & BS9, AV:AV, ">" & BS9)+COUNTIFS(AS:AS, "<=" & BT9, AT:AT, ">" & BT9) -> 0
A10: ='Nesting Phone time'!B11 -> Maxine Pabillo Duenas | B10: =IFERROR(VLOOKUP(A10,'Nesting Phone time'!B:I,2,),"-") -> 0.58333333 | C10: =IFERROR(IF(B10="PTO", "PTO", IF(B10="OFF","OFF",B10 + TIME(9,0,0))),"-") -> 0.95833333 | D10: =IFERROR(VLOOKUP(A10,'Nesting Phone time'!B:I,3,),"-") -> OFF | E10: =IFERROR(IF(D10="PTO", "PTO", IF(D10="OFF","OFF",D10 + TIME(9,0,0))),"-") -> OFF | F10: =IFERROR(VLOOKUP(A10,'Nesting Phone time'!B:I,4,),"-") -> 0.58333333 | G10: =IFERROR(IF(F10="PTO", "PTO", IF(F10="OFF","OFF",F10 + TIME(9,0,0))),"-") -> 0.95833333 | H10: =IFERROR(VLOOKUP(A10,'Nesting Phone time'!B:I,5,),"-") -> 0.58333333 | I10: =IFERROR(IF(H10="PTO", "PTO", IF(H10="OFF","OFF",H10 + TIME(9,0,0))),"-") -> 0.95833333 | J10: =IFERROR(VLOOKUP(A10,'Nesting Phone time'!B:I,6,),"-") -> 0.58333333 | K10: =IFERROR(IF(J10="PTO", "PTO", IF(J10="OFF","OFF",J10 + TIME(9,0,0))),"-") -> 0.95833333 | L10: =IFERROR(VLOOKUP(A10,'Nesting Phone time'!B:I,7,),"-") -> OFF | M10: =IFERROR(IF(L10="PTO", "PTO", IF(L10="OFF","OFF",L10 + TIME(9,0,0))),"-") -> OFF | N10: =IFERROR(VLOOKUP(A10,'Nesting Phone time'!B:I,8,),"-") -> 0.58333333 | O10: =IFERROR(IF(N10="PTO", "PTO", IF(N10="OFF","OFF",N10 + TIME(9,0,0))),"-") -> 0.95833333 | Q10: =IFERROR(VLOOKUP(A10,'Nesting Phone time'!B:Y,24,),"-") -> 0.58333333 | R10: =IFERROR(IF(Q10="PTO", "PTO", IF(Q10="OFF","OFF",Q10 + TIME(9,0,0))),"-") -> 0.95833333 | T10: =IFERROR(VLOOKUP(A10,'Nesting Phone time'!$B:$J,9,),"-") -> 0.58333333 | U10: =IFERROR(IF(T10="PTO", "PTO", IF(T10="OFF","OFF",T10 + TIME(9,0,0))),"-") -> 0.95833333 | V10: =IFERROR(VLOOKUP(A10,'Nesting Phone time'!B:K,10,),"-") -> 0.58333333 | W10: =IFERROR(IF(V10="PTO", "PTO", IF(V10="OFF","OFF",V10 + TIME(9,0,0))),"-") -> 0.95833333 | X10: =IFERROR(VLOOKUP(A10,'Nesting Phone time'!B:L,11,),"-") -> 0.58333333 | Y10: =IFERROR(IF(X10="PTO", "PTO", IF(X10="OFF","OFF",X10 + TIME(9,0,0))),"-") -> 0.95833333 | Z10: =IFERROR(VLOOKUP(A10,'Nesting Phone time'!B:M,12,),"-") -> 0.58333333 | AA10: =IFERROR(IF(Z10="PTO", "PTO", IF(Z10="OFF","OFF",Z10 + TIME(9,0,0))),"-") -> 0.95833333 | AB10: =IFERROR(VLOOKUP(A10,'Nesting Phone time'!B:N,13,),"-") -> OFF | AC10: =IFERROR(IF(AB10="PTO", "PTO", IF(AB10="OFF","OFF",AB10 + TIME(9,0,0))),"-") -> OFF | AD10: =IFERROR(VLOOKUP(A10,'Nesting Phone time'!B:O,14,),"-") -> OFF | AE10: =IFERROR(IF(AD10="PTO", "PTO", IF(AD10="OFF","OFF",AD10 + TIME(9,0,0))),"-") -> OFF | AF10: =IFERROR(VLOOKUP(A10,'Nesting Phone time'!B:P,15,),"-") -> 0.58333333 | AG10: =IFERROR(IF(AF10="PTO", "PTO", IF(AF10="OFF","OFF",AF10 + TIME(9,0,0))),"-") -> 0.95833333 | AI10: =IFERROR(VLOOKUP(A10,'Nesting Phone time'!$B:$Q,16,),"-") -> 0.58333333 | AJ10: =IFERROR(IF(AI10="PTO", "PTO", IF(AI10="OFF","OFF",AI10 + TIME(9,0,0))),"-") -> 0.95833333 | AK10: =IFERROR(VLOOKUP(A10,'Nesting Phone time'!B:R,17,),"-") -> 0.58333333 | AL10: =IFERROR(IF(AK10="PTO", "PTO", IF(AK10="OFF","OFF",AK10 + TIME(9,0,0))),"-") -> 0.95833333 | AM10: =IFERROR(VLOOKUP(A10,'Nesting Phone time'!B:S,18,),"-") -> 0.58333333 | AN10: =IFERROR(IF(AM10="PTO", "PTO", IF(AM10="OFF","OFF",AM10 + TIME(9,0,0))),"-") -> 0.95833333 | AO10: =IFERROR(VLOOKUP(A10,'Nesting Phone time'!B:T,19,),"-") -> 0.58333333 | AP10: =IFERROR(IF(AO10="PTO", "PTO", IF(AO10="OFF","OFF",AO10 + TIME(9,0,0))),"-") -> 0.95833333 | AQ10: =IFERROR(VLOOKUP(A10,'Nesting Phone time'!B:U,20,),"-") -> OFF | AR10: =IFERROR(IF(AQ10="PTO", "PTO", IF(AQ10="OFF","OFF",AQ10 + TIME(9,0,0))),"-") -> OFF | AS10: =IFERROR(VLOOKUP(A10,'Nesting Phone time'!B:V,21,),"-") -> OFF | AT10: =IFERROR(IF(AS10="PTO", "PTO", IF(AS10="OFF","OFF",AS10 + TIME(9,0,0))),"-") -> OFF | AU10: =IFERROR(VLOOKUP(A10,'Nesting Phone time'!B:W,22,),"-") -> 0.58333333 | AV10: =IFERROR(IF(AU10="PTO", "PTO", IF(AU10="OFF","OFF",AU10 + TIME(9,0,0))),"-") -> 0.95833333 | AX10: 0.29166667 | AY10: 1.2916667 | AZ10: =(COUNTIFS($B$3:$B$12, "<=" & AX10, $C$3:$C$12, ">" & AX10))+COUNTIFS($Q$3:$Q$12, "<=" & AY10, $R$3:$R$12, ">" & AY10) -> 0 | BA10: =(COUNTIFS($D$3:$D$12, "<=" & AX10, $E$3:$E$12, ">" & AX10))+COUNTIFS($B$3:$B$12, "<=" & AY10, $C$3:$C$12, ">" & AY10) -> 0 | BB10: =(COUNTIFS($F$3:$F$12, "<=" & AX10, $G$3:$G$12, ">" & AX10))+COUNTIFS($D$3:$D$12, "<=" & AY10, $E$3:$E$12, ">" & AY10) -> 0 | BC10: =(COUNTIFS($H$3:$H$12, "<=" & AX10, $I$3:$I$12, ">" & AX10))+COUNTIFS($F$3:$F$12, "<=" & AY10, $G$3:$G$12, ">" & AY10) -> 0 | BD10: =(COUNTIFS($J$3:$J$12, "<=" & AX10, $K$3:$K$12, ">" & AX10))+COUNTIFS($H$3:$H$12, "<=" & AY10, $I$3:$I$12, ">" & AY10) -> 0 | BE10: =(COUNTIFS($L$3:$L$12, "<=" & AX10, $M$3:$M$12, ">" & AX10))+COUNTIFS($J$3:$J$12, "<=" & AY10, $K$3:$K$12, ">" & AY10) -> 0 | BF10: =(COUNTIFS($N$3:$N$12, "<=" & AX10, $O$3:$O$12, ">" & AX10))+COUNTIFS($L$3:$L$12, "<=" & AY10, $M$3:$M$12, ">" & AY10) -> 0 | BH10: 0.29166667 | BI10: 1.2916667 | BJ10: =(COUNTIFS($B$13:$B$37, "<=" & BH10, $C$13:$C$37, ">" & BH10))+COUNTIFS($Q$13:$Q$37, "<=" & BI10, $R$13:$R$37, ">" & BI10) -> 0 | BK10: =(COUNTIFS($D$13:$D$37, "<=" & BH10, $E$13:$E$37, ">" & BH10))+COUNTIFS($B$13:$B$37, "<=" & BI10, $C$13:$C$37, ">" & BI10) -> 0 | BL10: =(COUNTIFS($F$13:$F$37, "<=" & BH10, $G$13:$G$37, ">" & BH10))+COUNTIFS($D$13:$D$37, "<=" & BI10, $E$13:$E$37, ">" & BI10) -> 0 | BM10: =(COUNTIFS($H$13:$H$37, "<=" & BH10, $I$13:$I$37, ">" & BH10))+COUNTIFS($F$13:$F$37, "<=" & BI10, $G$13:$G$37, ">" & BI10) -> 0 | BN10: =(COUNTIFS($J$13:$J$37, "<=" & BH10, $K$13:$K$37, ">" & BH10))+COUNTIFS($H$13:$H$37, "<=" & BI10, $I$13:$I$37, ">" & BI10) -> 0 | BO10: =(COUNTIFS($L$13:$L$37, "<=" & BH10, $M$13:$M$37, ">" & BH10))+COUNTIFS($J$13:$J$37, "<=" & BI10, $K$13:$K$37, ">" & BI10) -> 0 | BP10: =(COUNTIFS($N$13:$N$37, "<=" & BH10, $O$13:$O$37, ">" & BH10))+COUNTIFS($L$13:$L$37, "<=" & BI10, $M$13:$M$37, ">" & BI10) -> 0 | BS10: 0.29166667 | BT10: 1.2916667 | BU10: =COUNTIFS(Q:Q, "<=" & BT10, R:R, ">" & BT10)+COUNTIFS(B:B, "<=" & BS10, C:C, ">" & BS10) -> 0 | BV10: =COUNTIFS(B:B, "<=" & BT10, C:C, ">" & BT10)+COUNTIFS(D:D, "<=" & BS10, E:E, ">" & BS10) -> 0 | BW10: =COUNTIFS(D:D, "<=" & BT10, E:E, ">" & BT10)+COUNTIFS(F:F, "<=" & BS10, G:G, ">" & BS10) -> 0 | BX10: =COUNTIFS(F:F, "<=" & BT10, G:G, ">" & BT10)+COUNTIFS(H:H, "<=" & BS10, I:I, ">" & BS10) -> 0 | BY10: =COUNTIFS(H:H, "<=" & BT10, I:I, ">" & BT10)+COUNTIFS(J:J, "<=" & BS10, K:K, ">" & BS10) -> 0 | BZ10: =COUNTIFS(J:J, "<=" & BT10, K:K, ">" & BT10)+COUNTIFS(L:L, "<=" & BS10, M:M, ">" & BS10) -> 0 | CA10: =COUNTIFS(N:N, "<=" & BS10, O:O, ">" & BS10)+COUNTIFS(L:L, "<=" & BT10, M:M, ">" & BT10) -> 0 | CB10: =COUNTIFS(T:T, "<=" & BS10, U:U, ">" & BS10)+COUNTIFS(N:N, "<=" & BT10, O:O, ">" & BT10) -> 0 | CC10: =COUNTIFS(V:V, "<=" & BS10, W:W, ">" & BS10)+COUNTIFS(T:T, "<=" & BT10, U:U, ">" & BT10) -> 0 | CD10: =COUNTIFS(X:X, "<=" & BS10, Y:Y, ">" & BS10)+COUNTIFS(V:V, "<=" & BT10, W:W, ">" & BT10) -> 0 | CE10: =COUNTIFS(Z:Z, "<=" & BS10, AA:AA, ">" & BS10)+COUNTIFS(X:X, "<=" & BT10, Y:Y, ">" & BT10) -> 0 | CF10: =COUNTIFS(AB:AB, "<=" & BS10, AC:AC, ">" & BS10)+COUNTIFS(Z:Z, "<=" & BT10, AA:AA, ">" & BT10) -> 0 | CG10: =COUNTIFS(AD:AD, "<=" & BS10, AE:AE, ">" & BS10)+COUNTIFS(AB:AB, "<=" & BT10, AC:AC, ">" & BT10) -> 0 | CH10: =COUNTIFS(AF:AF, "<=" & BS10, AG:AG, ">" & BS10)+COUNTIFS(AD:AD, "<=" & BT10, AE:AE, ">" & BT10) -> 0 | CI10: =COUNTIFS(AI:AI, "<=" & BS10, AJ:AJ, ">" & BS10)+COUNTIFS(AF:AF, "<=" & BT10, AG:AG, ">" & BT10) -> 0 | CJ10: =COUNTIFS(AK:AK, "<=" & BS10, AL:AL, ">" & BS10)+COUNTIFS(AI:AI, "<=" & BT10, AJ:AJ, ">" & BT10) -> 0 | CK10: =COUNTIFS(AM:AM, "<=" & BS10, AN:AN, ">" & BS10)+COUNTIFS(AK:AK, "<=" & BT10, AL:AL, ">" & BT10) -> 0 | CL10: =COUNTIFS(AO:AO, "<=" & BS10, AP:AP, ">" & BS10)+COUNTIFS(AM:AM, "<=" & BT10, AN:AN, ">" & BT10) -> 0 | CM10: =COUNTIFS(AQ:AQ, "<=" & BS10, AR:AR, ">" & BS10)+COUNTIFS(AO:AO, "<=" & BT10, AP:AP, ">" & BT10) -> 0 | CN10: =COUNTIFS(AS:AS, "<=" & BS10, AT:AT, ">" & BS10)+COUNTIFS(AQ:AQ, "<=" & BT10, AR:AR, ">" & BT10) -> 0 | CO10: =COUNTIFS(AU:AU, "<=" & BS10, AV:AV, ">" & BS10)+COUNTIFS(AS:AS, "<=" & BT10, AT:AT, ">" & BT10) -> 0
A11: ='Nesting Phone time'!B12 -> Sittie Sufiyah Macaumbang Dimaampao | B11: =IFERROR(VLOOKUP(A11,'Nesting Phone time'!B:I,2,),"-") -> 0.58333333 | C11: =IFERROR(IF(B11="PTO", "PTO", IF(B11="OFF","OFF",B11 + TIME(9,0,0))),"-") -> 0.95833333 | D11: =IFERROR(VLOOKUP(A11,'Nesting Phone time'!B:I,3,),"-") -> OFF | E11: =IFERROR(IF(D11="PTO", "PTO", IF(D11="OFF","OFF",D11 + TIME(9,0,0))),"-") -> OFF | F11: =IFERROR(VLOOKUP(A11,'Nesting Phone time'!B:I,4,),"-") -> 0.58333333 | G11: =IFERROR(IF(F11="PTO", "PTO", IF(F11="OFF","OFF",F11 + TIME(9,0,0))),"-") -> 0.95833333 | H11: =IFERROR(VLOOKUP(A11,'Nesting Phone time'!B:I,5,),"-") -> 0.58333333 | I11: =IFERROR(IF(H11="PTO", "PTO", IF(H11="OFF","OFF",H11 + TIME(9,0,0))),"-") -> 0.95833333 | J11: =IFERROR(VLOOKUP(A11,'Nesting Phone time'!B:I,6,),"-") -> 0.58333333 | K11: =IFERROR(IF(J11="PTO", "PTO", IF(J11="OFF","OFF",J11 + TIME(9,0,0))),"-") -> 0.95833333 | L11: =IFERROR(VLOOKUP(A11,'Nesting Phone time'!B:I,7,),"-") -> OFF | M11: =IFERROR(IF(L11="PTO", "PTO", IF(L11="OFF","OFF",L11 + TIME(9,0,0))),"-") -> OFF | N11: =IFERROR(VLOOKUP(A11,'Nesting Phone time'!B:I,8,),"-") -> 0.58333333 | O11: =IFERROR(IF(N11="PTO", "PTO", IF(N11="OFF","OFF",N11 + TIME(9,0,0))),"-") -> 0.95833333 | Q11: =IFERROR(VLOOKUP(A11,'Nesting Phone time'!B:Y,24,),"-") -> 0.58333333 | R11: =IFERROR(IF(Q11="PTO", "PTO", IF(Q11="OFF","OFF",Q11 + TIME(9,0,0))),"-") -> 0.95833333 | T11: =IFERROR(VLOOKUP(A11,'Nesting Phone time'!$B:$J,9,),"-") -> 0.58333333 | U11: =IFERROR(IF(T11="PTO", "PTO", IF(T11="OFF","OFF",T11 + TIME(9,0,0))),"-") -> 0.95833333 | V11: =IFERROR(VLOOKUP(A11,'Nesting Phone time'!B:K,10,),"-") -> 0.58333333 | W11: =IFERROR(IF(V11="PTO", "PTO", IF(V11="OFF","OFF",V11 + TIME(9,0,0))),"-") -> 0.95833333 | X11: =IFERROR(VLOOKUP(A11,'Nesting Phone time'!B:L,11,),"-") -> 0.58333333 | Y11: =IFERROR(IF(X11="PTO", "PTO", IF(X11="OFF","OFF",X11 + TIME(9,0,0))),"-") -> 0.95833333 | Z11: =IFERROR(VLOOKUP(A11,'Nesting Phone time'!B:M,12,),"-") -> 0.58333333 | AA11: =IFERROR(IF(Z11="PTO", "PTO", IF(Z11="OFF","OFF",Z11 + TIME(9,0,0))),"-") -> 0.95833333 | AB11: =IFERROR(VLOOKUP(A11,'Nesting Phone time'!B:N,13,),"-") -> OFF | AC11: =IFERROR(IF(AB11="PTO", "PTO", IF(AB11="OFF","OFF",AB11 + TIME(9,0,0))),"-") -> OFF | AD11: =IFERROR(VLOOKUP(A11,'Nesting Phone time'!B:O,14,),"-") -> OFF | AE11: =IFERROR(IF(AD11="PTO", "PTO", IF(AD11="OFF","OFF",AD11 + TIME(9,0,0))),"-") -> OFF | AF11: =IFERROR(VLOOKUP(A11,'Nesting Phone time'!B:P,15,),"-") -> 0.58333333 | AG11: =IFERROR(IF(AF11="PTO", "PTO", IF(AF11="OFF","OFF",AF11 + TIME(9,0,0))),"-") -> 0.95833333 | AI11: =IFERROR(VLOOKUP(A11,'Nesting Phone time'!$B:$Q,16,),"-") -> 0.58333333 | AJ11: =IFERROR(IF(AI11="PTO", "PTO", IF(AI11="OFF","OFF",AI11 + TIME(9,0,0))),"-") -> 0.95833333 | AK11: =IFERROR(VLOOKUP(A11,'Nesting Phone time'!B:R,17,),"-") -> 0.58333333 | AL11: =IFERROR(IF(AK11="PTO", "PTO", IF(AK11="OFF","OFF",AK11 + TIME(9,0,0))),"-") -> 0.95833333 | AM11: =IFERROR(VLOOKUP(A11,'Nesting Phone time'!B:S,18,),"-") -> 0.58333333 | AN11: =IFERROR(IF(AM11="PTO", "PTO", IF(AM11="OFF","OFF",AM11 + TIME(9,0,0))),"-") -> 0.95833333 | AO11: =IFERROR(VLOOKUP(A11,'Nesting Phone time'!B:T,19,),"-") -> 0.58333333 | AP11: =IFERROR(IF(AO11="PTO", "PTO", IF(AO11="OFF","OFF",AO11 + TIME(9,0,0))),"-") -> 0.95833333 | AQ11: =IFERROR(VLOOKUP(A11,'Nesting Phone time'!B:U,20,),"-") -> OFF | AR11: =IFERROR(IF(AQ11="PTO", "PTO", IF(AQ11="OFF","OFF",AQ11 + TIME(9,0,0))),"-") -> OFF | AS11: =IFERROR(VLOOKUP(A11,'Nesting Phone time'!B:V,21,),"-") -> OFF | AT11: =IFERROR(IF(AS11="PTO", "PTO", IF(AS11="OFF","OFF",AS11 + TIME(9,0,0))),"-") -> OFF | AU11: =IFERROR(VLOOKUP(A11,'Nesting Phone time'!B:W,22,),"-") -> 0.58333333 | AV11: =IFERROR(IF(AU11="PTO", "PTO", IF(AU11="OFF","OFF",AU11 + TIME(9,0,0))),"-") -> 0.95833333 | AX11: 0.33333333 | AY11: 1.3333333 | AZ11: =(COUNTIFS($B$3:$B$12, "<=" & AX11, $C$3:$C$12, ">" & AX11))+COUNTIFS($Q$3:$Q$12, "<=" & AY11, $R$3:$R$12, ">" & AY11) -> 0 | BA11: =(COUNTIFS($D$3:$D$12, "<=" & AX11, $E$3:$E$12, ">" & AX11))+COUNTIFS($B$3:$B$12, "<=" & AY11, $C$3:$C$12, ">" & AY11) -> 0 | BB11: =(COUNTIFS($F$3:$F$12, "<=" & AX11, $G$3:$G$12, ">" & AX11))+COUNTIFS($D$3:$D$12, "<=" & AY11, $E$3:$E$12, ">" & AY11) -> 0 | BC11: =(COUNTIFS($H$3:$H$12, "<=" & AX11, $I$3:$I$12, ">" & AX11))+COUNTIFS($F$3:$F$12, "<=" & AY11, $G$3:$G$12, ">" & AY11) -> 0 | BD11: =(COUNTIFS($J$3:$J$12, "<=" & AX11, $K$3:$K$12, ">" & AX11))+COUNTIFS($H$3:$H$12, "<=" & AY11, $I$3:$I$12, ">" & AY11) -> 0 | BE11: =(COUNTIFS($L$3:$L$12, "<=" & AX11, $M$3:$M$12, ">" & AX11))+COUNTIFS($J$3:$J$12, "<=" & AY11, $K$3:$K$12, ">" & AY11) -> 0 | BF11: =(COUNTIFS($N$3:$N$12, "<=" & AX11, $O$3:$O$12, ">" & AX11))+COUNTIFS($L$3:$L$12, "<=" & AY11, $M$3:$M$12, ">" & AY11) -> 0 | BH11: 0.33333333 | BI11: 1.3333333 | BJ11: =(COUNTIFS($B$13:$B$37, "<=" & BH11, $C$13:$C$37, ">" & BH11))+COUNTIFS($Q$13:$Q$37, "<=" & BI11, $R$13:$R$37, ">" & BI11) -> 0 | BK11: =(COUNTIFS($D$13:$D$37, "<=" & BH11, $E$13:$E$37, ">" & BH11))+COUNTIFS($B$13:$B$37, "<=" & BI11, $C$13:$C$37, ">" & BI11) -> 0 | BL11: =(COUNTIFS($F$13:$F$37, "<=" & BH11, $G$13:$G$37, ">" & BH11))+COUNTIFS($D$13:$D$37, "<=" & BI11, $E$13:$E$37, ">" & BI11) -> 0 | BM11: =(COUNTIFS($H$13:$H$37, "<=" & BH11, $I$13:$I$37, ">" & BH11))+COUNTIFS($F$13:$F$37, "<=" & BI11, $G$13:$G$37, ">" & BI11) -> 0 | BN11: =(COUNTIFS($J$13:$J$37, "<=" & BH11, $K$13:$K$37, ">" & BH11))+COUNTIFS($H$13:$H$37, "<=" & BI11, $I$13:$I$37, ">" & BI11) -> 0 | BO11: =(COUNTIFS($L$13:$L$37, "<=" & BH11, $M$13:$M$37, ">" & BH11))+COUNTIFS($J$13:$J$37, "<=" & BI11, $K$13:$K$37, ">" & BI11) -> 0 | BP11: =(COUNTIFS($N$13:$N$37, "<=" & BH11, $O$13:$O$37, ">" & BH11))+COUNTIFS($L$13:$L$37, "<=" & BI11, $M$13:$M$37, ">" & BI11) -> 0 | BS11: 0.33333333 | BT11: 1.3333333 | BU11: =COUNTIFS(Q:Q, "<=" & BT11, R:R, ">" & BT11)+COUNTIFS(B:B, "<=" & BS11, C:C, ">" & BS11) -> 0 | BV11: =COUNTIFS(B:B, "<=" & BT11, C:C, ">" & BT11)+COUNTIFS(D:D, "<=" & BS11, E:E, ">" & BS11) -> 0 | BW11: =COUNTIFS(D:D, "<=" & BT11, E:E, ">" & BT11)+COUNTIFS(F:F, "<=" & BS11, G:G, ">" & BS11) -> 0 | BX11: =COUNTIFS(F:F, "<=" & BT11, G:G, ">" & BT11)+COUNTIFS(H:H, "<=" & BS11, I:I, ">" & BS11) -> 0 | BY11: =COUNTIFS(H:H, "<=" & BT11, I:I, ">" & BT11)+COUNTIFS(J:J, "<=" & BS11, K:K, ">" & BS11) -> 0 | BZ11: =COUNTIFS(J:J, "<=" & BT11, K:K, ">" & BT11)+COUNTIFS(L:L, "<=" & BS11, M:M, ">" & BS11) -> 0 | CA11: =COUNTIFS(N:N, "<=" & BS11, O:O, ">" & BS11)+COUNTIFS(L:L, "<=" & BT11, M:M, ">" & BT11) -> 0 | CB11: =COUNTIFS(T:T, "<=" & BS11, U:U, ">" & BS11)+COUNTIFS(N:N, "<=" & BT11, O:O, ">" & BT11) -> 0 | CC11: =COUNTIFS(V:V, "<=" & BS11, W:W, ">" & BS11)+COUNTIFS(T:T, "<=" & BT11, U:U, ">" & BT11) -> 0 | CD11: =COUNTIFS(X:X, "<=" & BS11, Y:Y, ">" & BS11)+COUNTIFS(V:V, "<=" & BT11, W:W, ">" & BT11) -> 0 | CE11: =COUNTIFS(Z:Z, "<=" & BS11, AA:AA, ">" & BS11)+COUNTIFS(X:X, "<=" & BT11, Y:Y, ">" & BT11) -> 0 | CF11: =COUNTIFS(AB:AB, "<=" & BS11, AC:AC, ">" & BS11)+COUNTIFS(Z:Z, "<=" & BT11, AA:AA, ">" & BT11) -> 0 | CG11: =COUNTIFS(AD:AD, "<=" & BS11, AE:AE, ">" & BS11)+COUNTIFS(AB:AB, "<=" & BT11, AC:AC, ">" & BT11) -> 0 | CH11: =COUNTIFS(AF:AF, "<=" & BS11, AG:AG, ">" & BS11)+COUNTIFS(AD:AD, "<=" & BT11, AE:AE, ">" & BT11) -> 0 | CI11: =COUNTIFS(AI:AI, "<=" & BS11, AJ:AJ, ">" & BS11)+COUNTIFS(AF:AF, "<=" & BT11, AG:AG, ">" & BT11) -> 0 | CJ11: =COUNTIFS(AK:AK, "<=" & BS11, AL:AL, ">" & BS11)+COUNTIFS(AI:AI, "<=" & BT11, AJ:AJ, ">" & BT11) -> 0 | CK11: =COUNTIFS(AM:AM, "<=" & BS11, AN:AN, ">" & BS11)+COUNTIFS(AK:AK, "<=" & BT11, AL:AL, ">" & BT11) -> 0 | CL11: =COUNTIFS(AO:AO, "<=" & BS11, AP:AP, ">" & BS11)+COUNTIFS(AM:AM, "<=" & BT11, AN:AN, ">" & BT11) -> 0 | CM11: =COUNTIFS(AQ:AQ, "<=" & BS11, AR:AR, ">" & BS11)+COUNTIFS(AO:AO, "<=" & BT11, AP:AP, ">" & BT11) -> 0 | CN11: =COUNTIFS(AS:AS, "<=" & BS11, AT:AT, ">" & BS11)+COUNTIFS(AQ:AQ, "<=" & BT11, AR:AR, ">" & BT11) -> 0 | CO11: =COUNTIFS(AU:AU, "<=" & BS11, AV:AV, ">" & BS11)+COUNTIFS(AS:AS, "<=" & BT11, AT:AT, ">" & BT11) -> 0
A12: ='Nesting Phone time'!B13 -> Ana Marie Albao | B12: =IFERROR(VLOOKUP(A12,'Nesting Phone time'!B:I,2,),"-") -> 0.58333333 | C12: =IFERROR(IF(B12="PTO", "PTO", IF(B12="OFF","OFF",B12 + TIME(9,0,0))),"-") -> 0.95833333 | D12: =IFERROR(VLOOKUP(A12,'Nesting Phone time'!B:I,3,),"-") -> OFF | E12: =IFERROR(IF(D12="PTO", "PTO", IF(D12="OFF","OFF",D12 + TIME(9,0,0))),"-") -> OFF | F12: =IFERROR(VLOOKUP(A12,'Nesting Phone time'!B:I,4,),"-") -> 0.58333333 | G12: =IFERROR(IF(F12="PTO", "PTO", IF(F12="OFF","OFF",F12 + TIME(9,0,0))),"-") -> 0.95833333 | H12: =IFERROR(VLOOKUP(A12,'Nesting Phone time'!B:I,5,),"-") -> 0.58333333 | I12: =IFERROR(IF(H12="PTO", "PTO", IF(H12="OFF","OFF",H12 + TIME(9,0,0))),"-") -> 0.95833333 | J12: =IFERROR(VLOOKUP(A12,'Nesting Phone time'!B:I,6,),"-") -> 0.58333333 | K12: =IFERROR(IF(J12="PTO", "PTO", IF(J12="OFF","OFF",J12 + TIME(9,0,0))),"-") -> 0.95833333 | L12: =IFERROR(VLOOKUP(A12,'Nesting Phone time'!B:I,7,),"-") -> OFF | M12: =IFERROR(IF(L12="PTO", "PTO", IF(L12="OFF","OFF",L12 + TIME(9,0,0))),"-") -> OFF | N12: =IFERROR(VLOOKUP(A12,'Nesting Phone time'!B:I,8,),"-") -> 0.58333333 | O12: =IFERROR(IF(N12="PTO", "PTO", IF(N12="OFF","OFF",N12 + TIME(9,0,0))),"-") -> 0.95833333 | Q12: =IFERROR(VLOOKUP(A12,'Nesting Phone time'!B:Y,24,),"-") -> 0.58333333 | R12: =IFERROR(IF(Q12="PTO", "PTO", IF(Q12="OFF","OFF",Q12 + TIME(9,0,0))),"-") -> 0.95833333 | T12: =IFERROR(VLOOKUP(A12,'Nesting Phone time'!$B:$J,9,),"-") -> 0.58333333 | U12: =IFERROR(IF(T12="PTO", "PTO", IF(T12="OFF","OFF",T12 + TIME(9,0,0))),"-") -> 0.95833333 | V12: =IFERROR(VLOOKUP(A12,'Nesting Phone time'!B:K,10,),"-") -> 0.58333333 | W12: =IFERROR(IF(V12="PTO", "PTO", IF(V12="OFF","OFF",V12 + TIME(9,0,0))),"-") -> 0.95833333 | X12: =IFERROR(VLOOKUP(A12,'Nesting Phone time'!B:L,11,),"-") -> 0.58333333 | Y12: =IFERROR(IF(X12="PTO", "PTO", IF(X12="OFF","OFF",X12 + TIME(9,0,0))),"-") -> 0.95833333 | Z12: =IFERROR(VLOOKUP(A12,'Nesting Phone time'!B:M,12,),"-") -> 0.58333333 | AA12: =IFERROR(IF(Z12="PTO", "PTO", IF(Z12="OFF","OFF",Z12 + TIME(9,0,0))),"-") -> 0.95833333 | AB12: =IFERROR(VLOOKUP(A12,'Nesting Phone time'!B:N,13,),"-") -> OFF | AC12: =IFERROR(IF(AB12="PTO", "PTO", IF(AB12="OFF","OFF",AB12 + TIME(9,0,0))),"-") -> OFF | AD12: =IFERROR(VLOOKUP(A12,'Nesting Phone time'!B:O,14,),"-") -> OFF | AE12: =IFERROR(IF(AD12="PTO", "PTO", IF(AD12="OFF","OFF",AD12 + TIME(9,0,0))),"-") -> OFF | AF12: =IFERROR(VLOOKUP(A12,'Nesting Phone time'!B:P,15,),"-") -> 0.58333333 | AG12: =IFERROR(IF(AF12="PTO", "PTO", IF(AF12="OFF","OFF",AF12 + TIME(9,0,0))),"-") -> 0.95833333 | AI12: =IFERROR(VLOOKUP(A12,'Nesting Phone time'!$B:$Q,16,),"-") -> 0.58333333 | AJ12: =IFERROR(IF(AI12="PTO", "PTO", IF(AI12="OFF","OFF",AI12 + TIME(9,0,0))),"-") -> 0.95833333 | AK12: =IFERROR(VLOOKUP(A12,'Nesting Phone time'!B:R,17,),"-") -> 0.58333333 | AL12: =IFERROR(IF(AK12="PTO", "PTO", IF(AK12="OFF","OFF",AK12 + TIME(9,0,0))),"-") -> 0.95833333 | AM12: =IFERROR(VLOOKUP(A12,'Nesting Phone time'!B:S,18,),"-") -> 0.58333333 | AN12: =IFERROR(IF(AM12="PTO", "PTO", IF(AM12="OFF","OFF",AM12 + TIME(9,0,0))),"-") -> 0.95833333 | AO12: =IFERROR(VLOOKUP(A12,'Nesting Phone time'!B:T,19,),"-") -> 0.58333333 | AP12: =IFERROR(IF(AO12="PTO", "PTO", IF(AO12="OFF","OFF",AO12 + TIME(9,0,0))),"-") -> 0.95833333 | AQ12: =IFERROR(VLOOKUP(A12,'Nesting Phone time'!B:U,20,),"-") -> OFF | AR12: =IFERROR(IF(AQ12="PTO", "PTO", IF(AQ12="OFF","OFF",AQ12 + TIME(9,0,0))),"-") -> OFF | AS12: =IFERROR(VLOOKUP(A12,'Nesting Phone time'!B:V,21,),"-") -> OFF | AT12: =IFERROR(IF(AS12="PTO", "PTO", IF(AS12="OFF","OFF",AS12 + TIME(9,0,0))),"-") -> OFF | AU12: =IFERROR(VLOOKUP(A12,'Nesting Phone time'!B:W,22,),"-") -> 0.58333333 | AV12: =IFERROR(IF(AU12="PTO", "PTO", IF(AU12="OFF","OFF",AU12 + TIME(9,0,0))),"-") -> 0.95833333 | AX12: 0.375 | AY12: 1.375 | AZ12: =(COUNTIFS($B$3:$B$12, "<=" & AX12, $C$3:$C$12, ">" & AX12))+COUNTIFS($Q$3:$Q$12, "<=" & AY12, $R$3:$R$12, ">" & AY12) -> 0 | BA12: =(COUNTIFS($D$3:$D$12, "<=" & AX12, $E$3:$E$12, ">" & AX12))+COUNTIFS($B$3:$B$12, "<=" & AY12, $C$3:$C$12, ">" & AY12) -> 0 | BB12: =(COUNTIFS($F$3:$F$12, "<=" & AX12, $G$3:$G$12, ">" & AX12))+COUNTIFS($D$3:$D$12, "<=" & AY12, $E$3:$E$12, ">" & AY12) -> 0 | BC12: =(COUNTIFS($H$3:$H$12, "<=" & AX12, $I$3:$I$12, ">" & AX12))+COUNTIFS($F$3:$F$12, "<=" & AY12, $G$3:$G$12, ">" & AY12) -> 0 | BD12: =(COUNTIFS($J$3:$J$12, "<=" & AX12, $K$3:$K$12, ">" & AX12))+COUNTIFS($H$3:$H$12, "<=" & AY12, $I$3:$I$12, ">" & AY12) -> 0 | BE12: =(COUNTIFS($L$3:$L$12, "<=" & AX12, $M$3:$M$12, ">" & AX12))+COUNTIFS($J$3:$J$12, "<=" & AY12, $K$3:$K$12, ">" & AY12) -> 0 | BF12: =(COUNTIFS($N$3:$N$12, "<=" & AX12, $O$3:$O$12, ">" & AX12))+COUNTIFS($L$3:$L$12, "<=" & AY12, $M$3:$M$12, ">" & AY12) -> 0 | BH12: 0.375 | BI12: 1.375 | BJ12: =(COUNTIFS($B$13:$B$37, "<=" & BH12, $C$13:$C$37, ">" & BH12))+COUNTIFS($Q$13:$Q$37, "<=" & BI12, $R$13:$R$37, ">" & BI12) -> 0 | BK12: =(COUNTIFS($D$13:$D$37, "<=" & BH12, $E$13:$E$37, ">" & BH12))+COUNTIFS($B$13:$B$37, "<=" & BI12, $C$13:$C$37, ">" & BI12) -> 0 | BL12: =(COUNTIFS($F$13:$F$37, "<=" & BH12, $G$13:$G$37, ">" & BH12))+COUNTIFS($D$13:$D$37, "<=" & BI12, $E$13:$E$37, ">" & BI12) -> 0 | BM12: =(COUNTIFS($H$13:$H$37, "<=" & BH12, $I$13:$I$37, ">" & BH12))+COUNTIFS($F$13:$F$37, "<=" & BI12, $G$13:$G$37, ">" & BI12) -> 0 | BN12: =(COUNTIFS($J$13:$J$37, "<=" & BH12, $K$13:$K$37, ">" & BH12))+COUNTIFS($H$13:$H$37, "<=" & BI12, $I$13:$I$37, ">" & BI12) -> 0 | BO12: =(COUNTIFS($L$13:$L$37, "<=" & BH12, $M$13:$M$37, ">" & BH12))+COUNTIFS($J$13:$J$37, "<=" & BI12, $K$13:$K$37, ">" & BI12) -> 0 | BP12: =(COUNTIFS($N$13:$N$37, "<=" & BH12, $O$13:$O$37, ">" & BH12))+COUNTIFS($L$13:$L$37, "<=" & BI12, $M$13:$M$37, ">" & BI12) -> 0 | BS12: 0.375 | BT12: 1.375 | BU12: =COUNTIFS(Q:Q, "<=" & BT12, R:R, ">" & BT12)+COUNTIFS(B:B, "<=" & BS12, C:C, ">" & BS12) -> 0 | BV12: =COUNTIFS(B:B, "<=" & BT12, C:C, ">" & BT12)+COUNTIFS(D:D, "<=" & BS12, E:E, ">" & BS12) -> 0 | BW12: =COUNTIFS(D:D, "<=" & BT12, E:E, ">" & BT12)+COUNTIFS(F:F, "<=" & BS12, G:G, ">" & BS12) -> 0 | BX12: =COUNTIFS(F:F, "<=" & BT12, G:G, ">" & BT12)+COUNTIFS(H:H, "<=" & BS12, I:I, ">" & BS12) -> 0 | BY12: =COUNTIFS(H:H, "<=" & BT12, I:I, ">" & BT12)+COUNTIFS(J:J, "<=" & BS12, K:K, ">" & BS12) -> 0 | BZ12: =COUNTIFS(J:J, "<=" & BT12, K:K, ">" & BT12)+COUNTIFS(L:L, "<=" & BS12, M:M, ">" & BS12) -> 0 | CA12: =COUNTIFS(N:N, "<=" & BS12, O:O, ">" & BS12)+COUNTIFS(L:L, "<=" & BT12, M:M, ">" & BT12) -> 0 | CB12: =COUNTIFS(T:T, "<=" & BS12, U:U, ">" & BS12)+COUNTIFS(N:N, "<=" & BT12, O:O, ">" & BT12) -> 0 | CC12: =COUNTIFS(V:V, "<=" & BS12, W:W, ">" & BS12)+COUNTIFS(T:T, "<=" & BT12, U:U, ">" & BT12) -> 0 | CD12: =COUNTIFS(X:X, "<=" & BS12, Y:Y, ">" & BS12)+COUNTIFS(V:V, "<=" & BT12, W:W, ">" & BT12) -> 0 | CE12: =COUNTIFS(Z:Z, "<=" & BS12, AA:AA, ">" & BS12)+COUNTIFS(X:X, "<=" & BT12, Y:Y, ">" & BT12) -> 0 | CF12: =COUNTIFS(AB:AB, "<=" & BS12, AC:AC, ">" & BS12)+COUNTIFS(Z:Z, "<=" & BT12, AA:AA, ">" & BT12) -> 0 | CG12: =COUNTIFS(AD:AD, "<=" & BS12, AE:AE, ">" & BS12)+COUNTIFS(AB:AB, "<=" & BT12, AC:AC, ">" & BT12) -> 0 | CH12: =COUNTIFS(AF:AF, "<=" & BS12, AG:AG, ">" & BS12)+COUNTIFS(AD:AD, "<=" & BT12, AE:AE, ">" & BT12) -> 0 | CI12: =COUNTIFS(AI:AI, "<=" & BS12, AJ:AJ, ">" & BS12)+COUNTIFS(AF:AF, "<=" & BT12, AG:AG, ">" & BT12) -> 0 | CJ12: =COUNTIFS(AK:AK, "<=" & BS12, AL:AL, ">" & BS12)+COUNTIFS(AI:AI, "<=" & BT12, AJ:AJ, ">" & BT12) -> 0 | CK12: =COUNTIFS(AM:AM, "<=" & BS12, AN:AN, ">" & BS12)+COUNTIFS(AK:AK, "<=" & BT12, AL:AL, ">" & BT12) -> 0 | CL12: =COUNTIFS(AO:AO, "<=" & BS12, AP:AP, ">" & BS12)+COUNTIFS(AM:AM, "<=" & BT12, AN:AN, ">" & BT12) -> 0 | CM12: =COUNTIFS(AQ:AQ, "<=" & BS12, AR:AR, ">" & BS12)+COUNTIFS(AO:AO, "<=" & BT12, AP:AP, ">" & BT12) -> 0 | CN12: =COUNTIFS(AS:AS, "<=" & BS12, AT:AT, ">" & BS12)+COUNTIFS(AQ:AQ, "<=" & BT12, AR:AR, ">" & BT12) -> 0 | CO12: =COUNTIFS(AU:AU, "<=" & BS12, AV:AV, ">" & BS12)+COUNTIFS(AS:AS, "<=" & BT12, AT:AT, ">" & BT12) -> 0
A13: ='Nesting Phone time'!B14 -> 0 | B13: =IFERROR(VLOOKUP(A13,'Nesting Phone time'!B:I,2,),"-") -> - | C13: =IFERROR(IF(B13="PTO", "PTO", IF(B13="OFF","OFF",B13 + TIME(9,0,0))),"-") -> - | D13: =IFERROR(VLOOKUP(A13,'Nesting Phone time'!B:I,3,),"-") -> - | E13: =IFERROR(IF(D13="PTO", "PTO", IF(D13="OFF","OFF",D13 + TIME(9,0,0))),"-") -> - | F13: =IFERROR(VLOOKUP(A13,'Nesting Phone time'!B:I,4,),"-") -> - | G13: =IFERROR(IF(F13="PTO", "PTO", IF(F13="OFF","OFF",F13 + TIME(9,0,0))),"-") -> - | H13: =IFERROR(VLOOKUP(A13,'Nesting Phone time'!B:I,5,),"-") -> - | I13: =IFERROR(IF(H13="PTO", "PTO", IF(H13="OFF","OFF",H13 + TIME(9,0,0))),"-") -> - | J13: =IFERROR(VLOOKUP(A13,'Nesting Phone time'!B:I,6,),"-") -> - | K13: =IFERROR(IF(J13="PTO", "PTO", IF(J13="OFF","OFF",J13 + TIME(9,0,0))),"-") -> - | L13: =IFERROR(VLOOKUP(A13,'Nesting Phone time'!B:I,7,),"-") -> - | M13: =IFERROR(IF(L13="PTO", "PTO", IF(L13="OFF","OFF",L13 + TIME(9,0,0))),"-") -> - | N13: =IFERROR(VLOOKUP(A13,'Nesting Phone time'!B:I,8,),"-") -> - | O13: =IFERROR(IF(N13="PTO", "PTO", IF(N13="OFF","OFF",N13 + TIME(9,0,0))),"-") -> - | Q13: =IFERROR(VLOOKUP(A13,'Nesting Phone time'!B:Y,24,),"-") -> - | R13: =IFERROR(IF(Q13="PTO", "PTO", IF(Q13="OFF","OFF",Q13 + TIME(9,0,0))),"-") -> - | T13: =IFERROR(VLOOKUP(A13,'Nesting Phone time'!$B:$J,9,),"-") -> - | U13: =IFERROR(IF(T13="PTO", "PTO", IF(T13="OFF","OFF",T13 + TIME(9,0,0))),"-") -> - | V13: =IFERROR(VLOOKUP(A13,'Nesting Phone time'!B:K,10,),"-") -> - | W13: =IFERROR(IF(V13="PTO", "PTO", IF(V13="OFF","OFF",V13 + TIME(9,0,0))),"-") -> - | X13: =IFERROR(VLOOKUP(A13,'Nesting Phone time'!B:L,11,),"-") -> - | Y13: =IFERROR(IF(X13="PTO", "PTO", IF(X13="OFF","OFF",X13 + TIME(9,0,0))),"-") -> - | Z13: =IFERROR(VLOOKUP(A13,'Nesting Phone time'!B:M,12,),"-") -> - | AA13: =IFERROR(IF(Z13="PTO", "PTO", IF(Z13="OFF","OFF",Z13 + TIME(9,0,0))),"-") -> - | AB13: =IFERROR(VLOOKUP(A13,'Nesting Phone time'!B:N,13,),"-") -> - | AC13: =IFERROR(IF(AB13="PTO", "PTO", IF(AB13="OFF","OFF",AB13 + TIME(9,0,0))),"-") -> - | AD13: =IFERROR(VLOOKUP(A13,'Nesting Phone time'!B:O,14,),"-") -> - | AE13: =IFERROR(IF(AD13="PTO", "PTO", IF(AD13="OFF","OFF",AD13 + TIME(9,0,0))),"-") -> - | AF13: =IFERROR(VLOOKUP(A13,'Nesting Phone time'!B:P,15,),"-") -> - | AG13: =IFERROR(IF(AF13="PTO", "PTO", IF(AF13="OFF","OFF",AF13 + TIME(9,0,0))),"-") -> - | AI13: =IFERROR(VLOOKUP(A13,'Nesting Phone time'!$B:$Q,16,),"-") -> - | AJ13: =IFERROR(IF(AI13="PTO", "PTO", IF(AI13="OFF","OFF",AI13 + TIME(9,0,0))),"-") -> - | AK13: =IFERROR(VLOOKUP(A13,'Nesting Phone time'!B:R,17,),"-") -> - | AL13: =IFERROR(IF(AK13="PTO", "PTO", IF(AK13="OFF","OFF",AK13 + TIME(9,0,0))),"-") -> - | AM13: =IFERROR(VLOOKUP(A13,'Nesting Phone time'!B:S,18,),"-") -> - | AN13: =IFERROR(IF(AM13="PTO", "PTO", IF(AM13="OFF","OFF",AM13 + TIME(9,0,0))),"-") -> - | AO13: =IFERROR(VLOOKUP(A13,'Nesting Phone time'!B:T,19,),"-") -> - | AP13: =IFERROR(IF(AO13="PTO", "PTO", IF(AO13="OFF","OFF",AO13 + TIME(9,0,0))),"-") -> - | AQ13: =IFERROR(VLOOKUP(A13,'Nesting Phone time'!B:U,20,),"-") -> - | AR13: =IFERROR(IF(AQ13="PTO", "PTO", IF(AQ13="OFF","OFF",AQ13 + TIME(9,0,0))),"-") -> - | AS13: =IFERROR(VLOOKUP(A13,'Nesting Phone time'!B:V,21,),"-") -> - | AT13: =IFERROR(IF(AS13="PTO", "PTO", IF(AS13="OFF","OFF",AS13 + TIME(9,0,0))),"-") -> - | AU13: =IFERROR(VLOOKUP(A13,'Nesting Phone time'!B:W,22,),"-") -> - | AV13: =IFERROR(IF(AU13="PTO", "PTO", IF(AU13="OFF","OFF",AU13 + TIME(9,0,0))),"-") -> - | AX13: 0.41666667 | AY13: 1.4166667 | AZ13: =(COUNTIFS($B$3:$B$12, "<=" & AX13, $C$3:$C$12, ">" & AX13))+COUNTIFS($Q$3:$Q$12, "<=" & AY13, $R$3:$R$12, ">" & AY13) -> 0 | BA13: =(COUNTIFS($D$3:$D$12, "<=" & AX13, $E$3:$E$12, ">" & AX13))+COUNTIFS($B$3:$B$12, "<=" & AY13, $C$3:$C$12, ">" & AY13) -> 0 | BB13: =(COUNTIFS($F$3:$F$12, "<=" & AX13, $G$3:$G$12, ">" & AX13))+COUNTIFS($D$3:$D$12, "<=" & AY13, $E$3:$E$12, ">" & AY13) -> 0 | BC13: =(COUNTIFS($H$3:$H$12, "<=" & AX13, $I$3:$I$12, ">" & AX13))+COUNTIFS($F$3:$F$12, "<=" & AY13, $G$3:$G$12, ">" & AY13) -> 0 | BD13: =(COUNTIFS($J$3:$J$12, "<=" & AX13, $K$3:$K$12, ">" & AX13))+COUNTIFS($H$3:$H$12, "<=" & AY13, $I$3:$I$12, ">" & AY13) -> 0 | BE13: =(COUNTIFS($L$3:$L$12, "<=" & AX13, $M$3:$M$12, ">" & AX13))+COUNTIFS($J$3:$J$12, "<=" & AY13, $K$3:$K$12, ">" & AY13) -> 0 | BF13: =(COUNTIFS($N$3:$N$12, "<=" & AX13, $O$3:$O$12, ">" & AX13))+COUNTIFS($L$3:$L$12, "<=" & AY13, $M$3:$M$12, ">" & AY13) -> 0 | BH13: 0.41666667 | BI13: 1.4166667 | BJ13: =(COUNTIFS($B$13:$B$37, "<=" & BH13, $C$13:$C$37, ">" & BH13))+COUNTIFS($Q$13:$Q$37, "<=" & BI13, $R$13:$R$37, ">" & BI13) -> 0 | BK13: =(COUNTIFS($D$13:$D$37, "<=" & BH13, $E$13:$E$37, ">" & BH13))+COUNTIFS($B$13:$B$37, "<=" & BI13, $C$13:$C$37, ">" & BI13) -> 0 | BL13: =(COUNTIFS($F$13:$F$37, "<=" & BH13, $G$13:$G$37, ">" & BH13))+COUNTIFS($D$13:$D$37, "<=" & BI13, $E$13:$E$37, ">" & BI13) -> 0 | BM13: =(COUNTIFS($H$13:$H$37, "<=" & BH13, $I$13:$I$37, ">" & BH13))+COUNTIFS($F$13:$F$37, "<=" & BI13, $G$13:$G$37, ">" & BI13) -> 0 | BN13: =(COUNTIFS($J$13:$J$37, "<=" & BH13, $K$13:$K$37, ">" & BH13))+COUNTIFS($H$13:$H$37, "<=" & BI13, $I$13:$I$37, ">" & BI13) -> 0 | BO13: =(COUNTIFS($L$13:$L$37, "<=" & BH13, $M$13:$M$37, ">" & BH13))+COUNTIFS($J$13:$J$37, "<=" & BI13, $K$13:$K$37, ">" & BI13) -> 0 | BP13: =(COUNTIFS($N$13:$N$37, "<=" & BH13, $O$13:$O$37, ">" & BH13))+COUNTIFS($L$13:$L$37, "<=" & BI13, $M$13:$M$37, ">" & BI13) -> 0 | BS13: 0.41666667 | BT13: 1.4166667 | BU13: =COUNTIFS(Q:Q, "<=" & BT13, R:R, ">" & BT13)+COUNTIFS(B:B, "<=" & BS13, C:C, ">" & BS13) -> 0 | BV13: =COUNTIFS(B:B, "<=" & BT13, C:C, ">" & BT13)+COUNTIFS(D:D, "<=" & BS13, E:E, ">" & BS13) -> 0 | BW13: =COUNTIFS(D:D, "<=" & BT13, E:E, ">" & BT13)+COUNTIFS(F:F, "<=" & BS13, G:G, ">" & BS13) -> 0 | BX13: =COUNTIFS(F:F, "<=" & BT13, G:G, ">" & BT13)+COUNTIFS(H:H, "<=" & BS13, I:I, ">" & BS13) -> 0 | BY13: =COUNTIFS(H:H, "<=" & BT13, I:I, ">" & BT13)+COUNTIFS(J:J, "<=" & BS13, K:K, ">" & BS13) -> 0 | BZ13: =COUNTIFS(J:J, "<=" & BT13, K:K, ">" & BT13)+COUNTIFS(L:L, "<=" & BS13, M:M, ">" & BS13) -> 0 | CA13: =COUNTIFS(N:N, "<=" & BS13, O:O, ">" & BS13)+COUNTIFS(L:L, "<=" & BT13, M:M, ">" & BT13) -> 0 | CB13: =COUNTIFS(T:T, "<=" & BS13, U:U, ">" & BS13)+COUNTIFS(N:N, "<=" & BT13, O:O, ">" & BT13) -> 0 | CC13: =COUNTIFS(V:V, "<=" & BS13, W:W, ">" & BS13)+COUNTIFS(T:T, "<=" & BT13, U:U, ">" & BT13) -> 0 | CD13: =COUNTIFS(X:X, "<=" & BS13, Y:Y, ">" & BS13)+COUNTIFS(V:V, "<=" & BT13, W:W, ">" & BT13) -> 0 | CE13: =COUNTIFS(Z:Z, "<=" & BS13, AA:AA, ">" & BS13)+COUNTIFS(X:X, "<=" & BT13, Y:Y, ">" & BT13) -> 0 | CF13: =COUNTIFS(AB:AB, "<=" & BS13, AC:AC, ">" & BS13)+COUNTIFS(Z:Z, "<=" & BT13, AA:AA, ">" & BT13) -> 0 | CG13: =COUNTIFS(AD:AD, "<=" & BS13, AE:AE, ">" & BS13)+COUNTIFS(AB:AB, "<=" & BT13, AC:AC, ">" & BT13) -> 0 | CH13: =COUNTIFS(AF:AF, "<=" & BS13, AG:AG, ">" & BS13)+COUNTIFS(AD:AD, "<=" & BT13, AE:AE, ">" & BT13) -> 0 | CI13: =COUNTIFS(AI:AI, "<=" & BS13, AJ:AJ, ">" & BS13)+COUNTIFS(AF:AF, "<=" & BT13, AG:AG, ">" & BT13) -> 0 | CJ13: =COUNTIFS(AK:AK, "<=" & BS13, AL:AL, ">" & BS13)+COUNTIFS(AI:AI, "<=" & BT13, AJ:AJ, ">" & BT13) -> 0 | CK13: =COUNTIFS(AM:AM, "<=" & BS13, AN:AN, ">" & BS13)+COUNTIFS(AK:AK, "<=" & BT13, AL:AL, ">" & BT13) -> 0 | CL13: =COUNTIFS(AO:AO, "<=" & BS13, AP:AP, ">" & BS13)+COUNTIFS(AM:AM, "<=" & BT13, AN:AN, ">" & BT13) -> 0 | CM13: =COUNTIFS(AQ:AQ, "<=" & BS13, AR:AR, ">" & BS13)+COUNTIFS(AO:AO, "<=" & BT13, AP:AP, ">" & BT13) -> 0 | CN13: =COUNTIFS(AS:AS, "<=" & BS13, AT:AT, ">" & BS13)+COUNTIFS(AQ:AQ, "<=" & BT13, AR:AR, ">" & BT13) -> 0 | CO13: =COUNTIFS(AU:AU, "<=" & BS13, AV:AV, ">" & BS13)+COUNTIFS(AS:AS, "<=" & BT13, AT:AT, ">" & BT13) -> 0
